dataset,variant,trial,category,codec,operation,mode,images,total_pixels,total_ns,mpps,encoded_bytes,raw_bytes,size_percent
private_pixel_art_cpu,baseline,0,ALL,png_libpng,decode,allocated,128,8855290,46721281.25,189.53439980843848,993672,35421160,2.8053062067984222
private_pixel_art_cpu,baseline,0,ALL,png_libpng,decode,source_png,128,8855290,45786350.0,193.40458455413022,1129621,35421160,3.189113512939723
private_pixel_art_cpu,baseline,0,ALL,png_libpng,encode,allocated,128,8855290,278918593.75,31.748654261239977,993672,35421160,2.8053062067984222
private_pixel_art_cpu,baseline,0,ALL,png_stb,decode,allocated,128,8855290,36550803.125,242.27347261606855,1377810,35421160,3.889793558426658
private_pixel_art_cpu,baseline,0,ALL,png_stb,decode,source_png,128,8855290,30624337.5,289.15858179789194,1129621,35421160,3.189113512939723
private_pixel_art_cpu,baseline,0,ALL,png_stb,encode,allocated,128,8855290,394123640.625,22.46830458065725,1377810,35421160,3.889793558426658
private_pixel_art_cpu,baseline,0,ALL,qoi,decode,allocated,128,8855290,12246162.5,723.107340768996,1941614,35421160,5.481508793049127
private_pixel_art_cpu,baseline,0,ALL,qoi,encode,allocated,128,8855290,40917050.0,216.42053862631838,1941614,35421160,5.481508793049127
private_pixel_art_cpu,baseline,0,ALL,rgi,decode,allocated,128,8855290,5280881.25,1676.8583841948728,1000184,35421160,2.8236906978766365
private_pixel_art_cpu,baseline,0,ALL,rgi,decode,reused,128,8855290,3316621.875,2669.9727414660438,1000184,35421160,2.8236906978766365
private_pixel_art_cpu,baseline,0,ALL,rgi,decode,trusted_reused,128,8855290,2739346.875,3232.6282154391274,1000184,35421160,2.8236906978766365
private_pixel_art_cpu,baseline,0,ALL,rgi,encode,allocated,128,8855290,585944515.625,15.112847315508143,1000184,35421160,2.8236906978766365
private_pixel_art_cpu,baseline,0,ALL,rgi,encode,reused,128,8855290,583423218.75,15.178158351278336,1000184,35421160,2.8236906978766365
private_pixel_art_cpu,baseline,1,ALL,png_libpng,decode,allocated,128,8855290,45597975.0,194.2035803125029,993672,35421160,2.8053062067984222
private_pixel_art_cpu,baseline,1,ALL,png_libpng,decode,source_png,128,8855290,44411315.625,199.39265197122833,1129621,35421160,3.189113512939723
private_pixel_art_cpu,baseline,1,ALL,png_libpng,encode,allocated,128,8855290,272986306.25,32.43858683479293,993672,35421160,2.8053062067984222
private_pixel_art_cpu,baseline,1,ALL,png_stb,decode,allocated,128,8855290,35476531.25,249.60980366421816,1377810,35421160,3.889793558426658
private_pixel_art_cpu,baseline,1,ALL,png_stb,decode,source_png,128,8855290,30285584.375,292.3929051641421,1129621,35421160,3.189113512939723
private_pixel_art_cpu,baseline,1,ALL,png_stb,encode,allocated,128,8855290,385438556.25,22.974582735455126,1377810,35421160,3.889793558426658
private_pixel_art_cpu,baseline,1,ALL,qoi,decode,allocated,128,8855290,12138981.25,729.4920238879189,1941614,35421160,5.481508793049127
private_pixel_art_cpu,baseline,1,ALL,qoi,encode,allocated,128,8855290,40172240.625,220.43306179165853,1941614,35421160,5.481508793049127
private_pixel_art_cpu,baseline,1,ALL,rgi,decode,allocated,128,8855290,5125428.125,1727.7171358246294,1000184,35421160,2.8236906978766365
private_pixel_art_cpu,baseline,1,ALL,rgi,decode,reused,128,8855290,3211040.625,2757.7633029790773,1000184,35421160,2.8236906978766365
private_pixel_art_cpu,baseline,1,ALL,rgi,decode,trusted_reused,128,8855290,2701734.375,3277.631613951686,1000184,35421160,2.8236906978766365
private_pixel_art_cpu,baseline,1,ALL,rgi,encode,allocated,128,8855290,577396728.125,15.336578073028027,1000184,35421160,2.8236906978766365
private_pixel_art_cpu,baseline,1,ALL,rgi,encode,reused,128,8855290,573037925.0,15.453235490478226,1000184,35421160,2.8236906978766365
private_pixel_art_cpu,baseline,2,ALL,png_libpng,decode,allocated,128,8855290,45748440.625,193.564848965822,993672,35421160,2.8053062067984222
private_pixel_art_cpu,baseline,2,ALL,png_libpng,decode,source_png,128,8855290,44985046.875,196.84963371509212,1129621,35421160,3.189113512939723
private_pixel_art_cpu,baseline,2,ALL,png_libpng,encode,allocated,128,8855290,274108803.125,32.3057482979187,993672,35421160,2.8053062067984222
private_pixel_art_cpu,baseline,2,ALL,png_stb,decode,allocated,128,8855290,35465956.25,249.68423063455396,1377810,35421160,3.889793558426658
private_pixel_art_cpu,baseline,2,ALL,png_stb,decode,source_png,128,8855290,30654331.25,288.87565439875647,1129621,35421160,3.189113512939723
private_pixel_art_cpu,baseline,2,ALL,png_stb,encode,allocated,128,8855290,387603287.5,22.846271653462175,1377810,35421160,3.889793558426658
private_pixel_art_cpu,baseline,2,ALL,qoi,decode,allocated,128,8855290,12348740.625,717.1006557601901,1941614,35421160,5.481508793049127
private_pixel_art_cpu,baseline,2,ALL,qoi,encode,allocated,128,8855290,40385593.75,219.26853557773927,1941614,35421160,5.481508793049127
private_pixel_art_cpu,baseline,2,ALL,rgi,decode,allocated,128,8855290,5437293.75,1628.6208557336083,1000184,35421160,2.8236906978766365
private_pixel_art_cpu,baseline,2,ALL,rgi,decode,reused,128,8855290,3188500.0,2777.258899168888,1000184,35421160,2.8236906978766365
private_pixel_art_cpu,baseline,2,ALL,rgi,decode,trusted_reused,128,8855290,2694487.5,3286.446866055233,1000184,35421160,2.8236906978766365
private_pixel_art_cpu,baseline,2,ALL,rgi,encode,allocated,128,8855290,579670071.875,15.276431248825201,1000184,35421160,2.8236906978766365
private_pixel_art_cpu,baseline,2,ALL,rgi,encode,reused,128,8855290,574074825.0,15.425323693649169,1000184,35421160,2.8236906978766365
private_pixel_art_cpu,candidate,0,ALL,png_libpng,decode,allocated,128,8855290,45833968.75,193.20364876759663,993672,35421160,2.8053062067984222
private_pixel_art_cpu,candidate,0,ALL,png_libpng,decode,source_png,128,8855290,44788303.125,197.71434464229884,1129621,35421160,3.189113512939723
private_pixel_art_cpu,candidate,0,ALL,png_libpng,encode,allocated,128,8855290,274416390.625,32.26953747125505,993672,35421160,2.8053062067984222
private_pixel_art_cpu,candidate,0,ALL,png_stb,decode,allocated,128,8855290,36276278.125,244.10690560609984,1377810,35421160,3.889793558426658
private_pixel_art_cpu,candidate,0,ALL,png_stb,decode,source_png,128,8855290,31095596.875,284.77633137569416,1129621,35421160,3.189113512939723
private_pixel_art_cpu,candidate,0,ALL,png_stb,encode,allocated,128,8855290,391010062.5,22.647217678701043,1377810,35421160,3.889793558426658
private_pixel_art_cpu,candidate,0,ALL,qoi,decode,allocated,128,8855290,11758528.125,753.0951073011105,1941614,35421160,5.481508793049127
private_pixel_art_cpu,candidate,0,ALL,qoi,encode,allocated,128,8855290,40398243.75,219.19987548963684,1941614,35421160,5.481508793049127
private_pixel_art_cpu,candidate,0,ALL,rgi,decode,allocated,128,8855290,5476381.25,1616.9966252806084,1000184,35421160,2.8236906978766365
private_pixel_art_cpu,candidate,0,ALL,rgi,decode,reused,128,8855290,3232159.375,2739.7442305888767,1000184,35421160,2.8236906978766365
private_pixel_art_cpu,candidate,0,ALL,rgi,decode,trusted_reused,128,8855290,2791034.375,3172.7627861982173,1000184,35421160,2.8236906978766365
private_pixel_art_cpu,candidate,0,ALL,rgi,encode,allocated,128,8855290,452862240.625,19.55404802082576,1000184,35421160,2.8236906978766365
private_pixel_art_cpu,candidate,0,ALL,rgi,encode,reused,128,8855290,436881584.375,20.26931396677734,1000184,35421160,2.8236906978766365
private_pixel_art_cpu,candidate,1,ALL,png_libpng,decode,allocated,128,8855290,45694706.25,193.79247021639404,993672,35421160,2.8053062067984222
private_pixel_art_cpu,candidate,1,ALL,png_libpng,decode,source_png,128,8855290,44492443.75,199.0290767069858,1129621,35421160,3.189113512939723
private_pixel_art_cpu,candidate,1,ALL,png_libpng,encode,allocated,128,8855290,274705481.25,32.235578116991064,993672,35421160,2.8053062067984222
private_pixel_art_cpu,candidate,1,ALL,png_stb,decode,allocated,128,8855290,35779440.625,247.49660266663267,1377810,35421160,3.889793558426658
private_pixel_art_cpu,candidate,1,ALL,png_stb,decode,source_png,128,8855290,30804934.375,287.46336194718805,1129621,35421160,3.189113512939723
private_pixel_art_cpu,candidate,1,ALL,png_stb,encode,allocated,128,8855290,389302962.5,22.74652610690061,1377810,35421160,3.889793558426658
private_pixel_art_cpu,candidate,1,ALL,qoi,decode,allocated,128,8855290,11652875.0,759.9231949197086,1941614,35421160,5.481508793049127
private_pixel_art_cpu,candidate,1,ALL,qoi,encode,allocated,128,8855290,40288625.0,219.79628244945067,1941614,35421160,5.481508793049127
private_pixel_art_cpu,candidate,1,ALL,rgi,decode,allocated,128,8855290,5443506.25,1626.7621627145188,1000184,35421160,2.8236906978766365
private_pixel_art_cpu,candidate,1,ALL,rgi,decode,reused,128,8855290,3274456.25,2704.354348909075,1000184,35421160,2.8236906978766365
private_pixel_art_cpu,candidate,1,ALL,rgi,decode,trusted_reused,128,8855290,2786903.125,3177.46602691832,1000184,35421160,2.8236906978766365
private_pixel_art_cpu,candidate,1,ALL,rgi,encode,allocated,128,8855290,451361506.25,19.619063383520423,1000184,35421160,2.8236906978766365
private_pixel_art_cpu,candidate,1,ALL,rgi,encode,reused,128,8855290,437634506.25,20.23444192250551,1000184,35421160,2.8236906978766365
private_pixel_art_cpu,candidate,2,ALL,png_libpng,decode,allocated,128,8855290,45911159.375,192.87881466182208,993672,35421160,2.8053062067984222
private_pixel_art_cpu,candidate,2,ALL,png_libpng,decode,source_png,128,8855290,44874250.0,197.3356657771439,1129621,35421160,3.189113512939723
private_pixel_art_cpu,candidate,2,ALL,png_libpng,encode,allocated,128,8855290,274492343.75,32.26060836168586,993672,35421160,2.8053062067984222
private_pixel_art_cpu,candidate,2,ALL,png_stb,decode,allocated,128,8855290,36264550.0,244.18585092052706,1377810,35421160,3.889793558426658
private_pixel_art_cpu,candidate,2,ALL,png_stb,decode,source_png,128,8855290,31036868.75,285.3151866358941,1129621,35421160,3.189113512939723
private_pixel_art_cpu,candidate,2,ALL,png_stb,encode,allocated,128,8855290,391797593.75,22.601695725702758,1377810,35421160,3.889793558426658
private_pixel_art_cpu,candidate,2,ALL,qoi,decode,allocated,128,8855290,11707200.0,756.3969181358481,1941614,35421160,5.481508793049127
private_pixel_art_cpu,candidate,2,ALL,qoi,encode,allocated,128,8855290,40426100.0,219.0488323137775,1941614,35421160,5.481508793049127
private_pixel_art_cpu,candidate,2,ALL,rgi,decode,allocated,128,8855290,5444562.5,1626.4465693983677,1000184,35421160,2.8236906978766365
private_pixel_art_cpu,candidate,2,ALL,rgi,decode,reused,128,8855290,3276587.5,2702.595306855074,1000184,35421160,2.8236906978766365
private_pixel_art_cpu,candidate,2,ALL,rgi,decode,trusted_reused,128,8855290,2790046.875,3173.8857434070887,1000184,35421160,2.8236906978766365
private_pixel_art_cpu,candidate,2,ALL,rgi,encode,allocated,128,8855290,455157815.625,19.455427757162333,1000184,35421160,2.8236906978766365
private_pixel_art_cpu,candidate,2,ALL,rgi,encode,reused,128,8855290,439843475.0,20.132821113238066,1000184,35421160,2.8236906978766365
public_qoi_cpu,baseline,0,ALL,png_libpng,decode,allocated,2847,1294839636,14473058656.25,89.46551428787588,1228176592,5179358544,23.712909264078167
public_qoi_cpu,baseline,0,ALL,png_libpng,decode,source_png,2847,1294839636,12554332171.875,103.13887017429575,1138722336,5179358544,21.985779249037446
public_qoi_cpu,baseline,0,ALL,png_libpng,encode,preparation_single,2847,1294839636,249437957700.0,5.191028855188546,1228176592,5179358544,23.712909264078167
public_qoi_cpu,baseline,0,ALL,png_stb,decode,allocated,2847,1294839636,16885824803.125,76.68204846945757,1747669990,5179358544,33.7429813972732
public_qoi_cpu,baseline,0,ALL,png_stb,decode,source_png,2847,1294839636,13863010606.25,93.40248469666714,1138722336,5179358544,21.985779249037446
public_qoi_cpu,baseline,0,ALL,png_stb,encode,preparation_single,2847,1294839636,154310484300.0,8.39113195628795,1747669990,5179358544,33.7429813972732
public_qoi_cpu,baseline,0,ALL,qoi,decode,allocated,2847,1294839636,4675852121.875,276.92057025121954,1344553132,5179358544,25.959838859921955
public_qoi_cpu,baseline,0,ALL,qoi,encode,preparation_single,2847,1294839636,9036589800.0,143.2885263863587,1344553132,5179358544,25.959838859921955
public_qoi_cpu,baseline,0,ALL,rgi,decode,allocated,2847,1294839636,3927296375.0,329.7025516695312,1325051132,5179358544,25.583305746133338
public_qoi_cpu,baseline,0,ALL,rgi,decode,reused,2847,1294839636,3500680240.625,369.88229343929555,1325051132,5179358544,25.583305746133338
public_qoi_cpu,baseline,0,ALL,rgi,decode,trusted_reused,2847,1294839636,3474342768.75,372.6862092152922,1325051132,5179358544,25.583305746133338
public_qoi_cpu,baseline,0,ALL,rgi,encode,preparation_single,2847,1294839636,594704804100.0,2.177281278162118,1325051132,5179358544,25.583305746133338
public_qoi_cpu,baseline,0,icon_512,png_libpng,decode,allocated,213,55836672,345276000.0,161.71605324436104,11150590,223346688,4.992502955763553
public_qoi_cpu,baseline,0,icon_512,png_libpng,decode,source_png,213,55836672,341996800.0,163.26665044819134,11154424,223346688,4.994219569533084
public_qoi_cpu,baseline,0,icon_512,png_libpng,encode,preparation_single,213,55836672,2898304100.0,19.265291036920523,11150590,223346688,4.992502955763553
public_qoi_cpu,baseline,0,icon_512,png_stb,decode,allocated,213,55836672,327248000.0,170.62494499584412,15128470,223346688,6.773536753766414
public_qoi_cpu,baseline,0,icon_512,png_stb,decode,source_png,213,55836672,295757200.0,188.79226608853477,11154424,223346688,4.994219569533084
public_qoi_cpu,baseline,0,icon_512,png_stb,encode,preparation_single,213,55836672,3030560600.0,18.42453571131361,15128470,223346688,6.773536753766414
public_qoi_cpu,baseline,0,icon_512,qoi,decode,allocated,213,55836672,110645300.0,504.64567405935907,18658484,223346688,8.354045527641762
public_qoi_cpu,baseline,0,icon_512,qoi,encode,preparation_single,213,55836672,290283300.0,192.35233993826031,18658484,223346688,8.354045527641762
public_qoi_cpu,baseline,0,icon_512,rgi,decode,allocated,213,55836672,80805000.0,691.0051605717468,18042459,223346688,8.07822993103887
public_qoi_cpu,baseline,0,icon_512,rgi,decode,reused,213,55836672,56340000.0,991.0662406815761,18042459,223346688,8.07822993103887
public_qoi_cpu,baseline,0,icon_512,rgi,decode,trusted_reused,213,55836672,55635500.0,1003.615892730361,18042459,223346688,8.07822993103887
public_qoi_cpu,baseline,0,icon_512,rgi,encode,preparation_single,213,55836672,7034800000.0,7.937208165121965,18042459,223346688,8.07822993103887
public_qoi_cpu,baseline,0,icon_64,png_libpng,decode,allocated,213,872448,11870600.0,73.49653766448199,824285,3489792,23.619889093676644
public_qoi_cpu,baseline,0,icon_64,png_libpng,decode,source_png,213,872448,11738200.0,74.32553543132678,828119,3489792,23.729752374926644
public_qoi_cpu,baseline,0,icon_64,png_libpng,encode,preparation_single,213,872448,91652000.0,9.519137607471741,824285,3489792,23.619889093676644
public_qoi_cpu,baseline,0,icon_64,png_stb,decode,allocated,213,872448,9363700.0,93.1734250349755,972106,3489792,27.855700282423708
public_qoi_cpu,baseline,0,icon_64,png_stb,decode,source_png,213,872448,9745000.0,89.5277578245254,828119,3489792,23.729752374926644
public_qoi_cpu,baseline,0,icon_64,png_stb,encode,preparation_single,213,872448,99287400.0,8.787096852168553,972106,3489792,27.855700282423708
public_qoi_cpu,baseline,0,icon_64,qoi,decode,allocated,213,872448,2548300.0,342.3647137307224,1001738,3489792,28.704805329372064
public_qoi_cpu,baseline,0,icon_64,qoi,encode,preparation_single,213,872448,6847900.0,127.40372961053754,1001738,3489792,28.704805329372064
public_qoi_cpu,baseline,0,icon_64,rgi,decode,allocated,213,872448,2088800.0,417.6790501723478,996704,3489792,28.56055604460094
public_qoi_cpu,baseline,0,icon_64,rgi,decode,reused,213,872448,2072600.0,420.9437421596063,996704,3489792,28.56055604460094
public_qoi_cpu,baseline,0,icon_64,rgi,decode,trusted_reused,213,872448,2174700.0,401.18085253138366,996704,3489792,28.56055604460094
public_qoi_cpu,baseline,0,icon_64,rgi,encode,preparation_single,213,872448,95540300.0,9.13172765838081,996704,3489792,28.56055604460094
public_qoi_cpu,baseline,0,photo_kodak,png_libpng,decode,allocated,24,9437184,153355100.0,61.538116436949274,17633593,37748736,46.71306875016954
public_qoi_cpu,baseline,0,photo_kodak,png_libpng,decode,source_png,24,9437184,130768100.0,72.16732521157682,15394305,37748736,40.780981381734215
public_qoi_cpu,baseline,0,photo_kodak,png_libpng,encode,preparation_single,24,9437184,3253554300.0,2.9005767630803025,17633593,37748736,46.71306875016954
public_qoi_cpu,baseline,0,photo_kodak,png_stb,decode,allocated,24,9437184,188800700.0,49.9848994203941,24069699,37748736,63.76292705535889
public_qoi_cpu,baseline,0,photo_kodak,png_stb,decode,source_png,24,9437184,151304600.0,62.37208914996636,15394305,37748736,40.780981381734215
public_qoi_cpu,baseline,0,photo_kodak,png_stb,encode,preparation_single,24,9437184,1729690000.0,5.455997317438385,24069699,37748736,63.76292705535889
public_qoi_cpu,baseline,0,photo_kodak,qoi,decode,allocated,24,9437184,49328400.0,191.31340161043133,16501520,37748736,43.71409946017795
public_qoi_cpu,baseline,0,photo_kodak,qoi,encode,preparation_single,24,9437184,82984700.0,113.72197525567967,16501520,37748736,43.71409946017795
public_qoi_cpu,baseline,0,photo_kodak,rgi,decode,allocated,24,9437184,43974600.0,214.6053403555689,16501523,37748736,43.71410740746392
public_qoi_cpu,baseline,0,photo_kodak,rgi,decode,reused,24,9437184,39947100.0,236.24203008478713,16501523,37748736,43.71410740746392
public_qoi_cpu,baseline,0,photo_kodak,rgi,decode,trusted_reused,24,9437184,40304200.0,234.14889763349726,16501523,37748736,43.71410740746392
public_qoi_cpu,baseline,0,photo_kodak,rgi,encode,preparation_single,24,9437184,6774719300.0,1.3930000022288747,16501523,37748736,43.71410740746392
public_qoi_cpu,baseline,0,photo_tecnick,png_libpng,decode,allocated,100,144000000,2340213700.0,61.532842064808015,247240373,576000000,42.923675868055554
public_qoi_cpu,baseline,0,photo_tecnick,png_libpng,decode,source_png,100,144000000,1733895400.0,83.04999251973331,237834256,576000000,41.29066944444445
public_qoi_cpu,baseline,0,photo_tecnick,png_libpng,encode,preparation_single,100,144000000,56637790900.0,2.542472044050009,247240373,576000000,42.923675868055554
public_qoi_cpu,baseline,0,photo_tecnick,png_stb,decode,allocated,100,144000000,3003916100.0,47.93742408451421,361785290,576000000,62.809946180555556
public_qoi_cpu,baseline,0,photo_tecnick,png_stb,decode,source_png,100,144000000,2452911100.0,58.705755785442044,237834256,576000000,41.29066944444445
public_qoi_cpu,baseline,0,photo_tecnick,png_stb,encode,preparation_single,100,144000000,27417862000.0,5.252050652235393,361785290,576000000,62.809946180555556
public_qoi_cpu,baseline,0,photo_tecnick,qoi,decode,allocated,100,144000000,787986000.0,182.74436347853896,258843443,576000000,44.93809774305556
public_qoi_cpu,baseline,0,photo_tecnick,qoi,encode,preparation_single,100,144000000,1239329500.0,116.19186019537177,258843443,576000000,44.93809774305556
public_qoi_cpu,baseline,0,photo_tecnick,rgi,decode,allocated,100,144000000,704599500.0,204.3714195085293,258844373,576000000,44.93825920138889
public_qoi_cpu,baseline,0,photo_tecnick,rgi,decode,reused,100,144000000,646672900.0,222.67826593630258,258844373,576000000,44.93825920138889
public_qoi_cpu,baseline,0,photo_tecnick,rgi,decode,trusted_reused,100,144000000,642263000.0,224.20721729260444,258844373,576000000,44.93825920138889
public_qoi_cpu,baseline,0,photo_tecnick,rgi,encode,preparation_single,100,144000000,122318725000.0,1.1772522972259563,258844373,576000000,44.93825920138889
public_qoi_cpu,baseline,0,photo_wikipedia,png_libpng,decode,allocated,49,53140448,862482600.0,61.61335660568689,102673940,212561792,48.303102375049605
public_qoi_cpu,baseline,0,photo_wikipedia,png_libpng,decode,source_png,49,53140448,719781300.0,73.82860321600464,88339751,212561792,41.55956259533228
public_qoi_cpu,baseline,0,photo_wikipedia,png_libpng,encode,preparation_single,49,53140448,20231336000.0,2.6266405738108447,102673940,212561792,48.303102375049605
public_qoi_cpu,baseline,0,photo_wikipedia,png_stb,decode,allocated,49,53140448,1129766800.0,47.036652165738985,145205551,212561792,68.31215978834051
public_qoi_cpu,baseline,0,photo_wikipedia,png_stb,decode,source_png,49,53140448,899460000.0,59.08039045649612,88339751,212561792,41.55956259533228
public_qoi_cpu,baseline,0,photo_wikipedia,png_stb,encode,preparation_single,49,53140448,10165041200.0,5.227765136849618,145205551,212561792,68.31215978834051
public_qoi_cpu,baseline,0,photo_wikipedia,qoi,decode,allocated,49,53140448,289806300.0,183.36539957896017,105507130,212561792,49.635980675209964
public_qoi_cpu,baseline,0,photo_wikipedia,qoi,encode,preparation_single,49,53140448,452300600.0,117.48922729706749,105507130,212561792,49.635980675209964
public_qoi_cpu,baseline,0,photo_wikipedia,rgi,decode,allocated,49,53140448,260444600.0,204.0374344486313,105507158,212561792,49.63599384785014
public_qoi_cpu,baseline,0,photo_wikipedia,rgi,decode,reused,49,53140448,242281900.0,219.33313219022963,105507158,212561792,49.63599384785014
public_qoi_cpu,baseline,0,photo_wikipedia,rgi,decode,trusted_reused,49,53140448,240301000.0,221.14118542993995,105507158,212561792,49.63599384785014
public_qoi_cpu,baseline,0,photo_wikipedia,rgi,encode,preparation_single,49,53140448,45714253700.0,1.162448114076945,105507158,212561792,49.63599384785014
public_qoi_cpu,baseline,0,pngimg,png_libpng,decode,allocated,187,338258448,3188307200.0,106.0934303946621,229999870,1353033792,16.99882673735912
public_qoi_cpu,baseline,0,pngimg,png_libpng,decode,source_png,187,338258448,3077677900.0,109.90703348131395,229608249,1353033792,16.969882818713813
public_qoi_cpu,baseline,0,pngimg,png_libpng,encode,preparation_single,187,338258448,45133103700.0,7.494686167572384,229999870,1353033792,16.99882673735912
public_qoi_cpu,baseline,0,pngimg,png_stb,decode,allocated,187,338258448,3649038000.0,92.6979790289934,335327518,1353033792,24.78338087213124
public_qoi_cpu,baseline,0,pngimg,png_stb,decode,source_png,187,338258448,3158939900.0,107.07973519850758,229608249,1353033792,16.969882818713813
public_qoi_cpu,baseline,0,pngimg,png_stb,encode,preparation_single,187,338258448,33155957400.0,10.20204133812767,335327518,1353033792,24.78338087213124
public_qoi_cpu,baseline,0,pngimg,qoi,decode,allocated,187,338258448,956187500.0,353.75744610758875,275044884,1353033792,20.328012916324855
public_qoi_cpu,baseline,0,pngimg,qoi,encode,preparation_single,187,338258448,2093428700.0,161.58106937198292,275044884,1353033792,20.328012916324855
public_qoi_cpu,baseline,0,pngimg,rgi,decode,allocated,187,338258448,785559100.0,430.59579858472773,273619366,1353033792,20.222655754631738
public_qoi_cpu,baseline,0,pngimg,rgi,decode,reused,187,338258448,675976600.0,500.39964105266364,273619366,1353033792,20.222655754631738
public_qoi_cpu,baseline,0,pngimg,rgi,decode,trusted_reused,187,338258448,664642600.0,508.93284300464643,273619366,1353033792,20.222655754631738
public_qoi_cpu,baseline,0,pngimg,rgi,encode,preparation_single,187,338258448,126615123100.0,2.6715485458466532,273619366,1353033792,20.222655754631738
public_qoi_cpu,baseline,0,screenshot_game,png_libpng,decode,allocated,618,391206639,4103241200.0,95.34088295857431,283655968,1564826556,18.126990937901745
public_qoi_cpu,baseline,0,screenshot_game,png_libpng,decode,source_png,618,391206639,3675633100.0,106.43245077970377,266238855,1564826556,17.013953014739098
public_qoi_cpu,baseline,0,screenshot_game,png_libpng,encode,preparation_single,618,391206639,64468415500.0,6.068190694092675,283655968,1564826556,18.126990937901745
public_qoi_cpu,baseline,0,screenshot_game,png_stb,decode,allocated,618,391206639,4549435200.0,85.9901552175092,401452182,1564826556,25.6547398470914
public_qoi_cpu,baseline,0,screenshot_game,png_stb,decode,source_png,618,391206639,3794435100.0,103.10010019673284,266238855,1564826556,17.013953014739098
public_qoi_cpu,baseline,0,screenshot_game,png_stb,encode,preparation_single,618,391206639,41908285200.0,9.334828116517638,401452182,1564826556,25.6547398470914
public_qoi_cpu,baseline,0,screenshot_game,qoi,decode,allocated,618,391206639,1382284000.0,283.01466196526906,328478275,1564826556,20.991353561870405
public_qoi_cpu,baseline,0,screenshot_game,qoi,encode,preparation_single,618,391206639,2710884900.0,144.3095717564401,328478275,1564826556,20.991353561870405
public_qoi_cpu,baseline,0,screenshot_game,rgi,decode,allocated,618,391206639,1152752300.0,339.36747643010557,312425409,1564826556,19.965497633080812
public_qoi_cpu,baseline,0,screenshot_game,rgi,decode,reused,618,391206639,1026761300.0,381.010307848572,312425409,1564826556,19.965497633080812
public_qoi_cpu,baseline,0,screenshot_game,rgi,decode,trusted_reused,618,391206639,1015832800.0,385.10928077927787,312425409,1564826556,19.965497633080812
public_qoi_cpu,baseline,0,screenshot_game,rgi,encode,preparation_single,618,391206639,158290563800.0,2.4714463680493886,312425409,1564826556,19.965497633080812
public_qoi_cpu,baseline,0,screenshot_web,png_libpng,decode,allocated,13,86622127,594173200.0,145.7859879913803,28100646,346488508,8.110123525366676
public_qoi_cpu,baseline,0,screenshot_web,png_libpng,decode,source_png,13,86622127,446199500.0,194.1331780963448,34271217,346488508,9.89101116161694
public_qoi_cpu,baseline,0,screenshot_web,png_libpng,encode,preparation_single,13,86622127,5090943400.0,17.014945992131832,28100646,346488508,8.110123525366676
public_qoi_cpu,baseline,0,screenshot_web,png_stb,decode,allocated,13,86622127,586945000.0,147.58133555954987,36510846,346488508,10.537390175145434
public_qoi_cpu,baseline,0,screenshot_web,png_stb,decode,source_png,13,86622127,468899200.0,184.73507099180378,34271217,346488508,9.89101116161694
public_qoi_cpu,baseline,0,screenshot_web,png_stb,encode,preparation_single,13,86622127,5933149100.0,14.599688216161633,36510846,346488508,10.537390175145434
public_qoi_cpu,baseline,0,screenshot_web,qoi,decode,allocated,13,86622127,165658500.0,522.8957584428206,29762243,346488508,8.589676803941792
public_qoi_cpu,baseline,0,screenshot_web,qoi,encode,preparation_single,13,86622127,469550900.0,184.4786731321354,29762243,346488508,8.589676803941792
public_qoi_cpu,baseline,0,screenshot_web,rgi,decode,allocated,13,86622127,123094200.0,703.70599914537,29253115,346488508,8.44273744282451
public_qoi_cpu,baseline,0,screenshot_web,rgi,decode,reused,13,86622127,93238600.0,929.0371906056075,29253115,346488508,8.44273744282451
public_qoi_cpu,baseline,0,screenshot_web,rgi,decode,trusted_reused,13,86622127,91272600.0,949.048531541777,29253115,346488508,8.44273744282451
public_qoi_cpu,baseline,0,screenshot_web,rgi,encode,preparation_single,13,86622127,14598698000.0,5.933551540007198,29253115,346488508,8.44273744282451
public_qoi_cpu,baseline,0,textures_photo,png_libpng,decode,allocated,20,20971520,326931400.0,64.1465457279417,40500447,83886080,48.2802951335907
public_qoi_cpu,baseline,0,textures_photo,png_libpng,decode,source_png,20,20971520,292396200.0,71.72295672789181,37854634,83886080,45.126240253448486
public_qoi_cpu,baseline,0,textures_photo,png_libpng,encode,preparation_single,20,20971520,6043845100.0,3.469897003151189,40500447,83886080,48.2802951335907
public_qoi_cpu,baseline,0,textures_photo,png_stb,decode,allocated,20,20971520,415572600.0,50.46415475899999,52316969,83886080,62.366687059402466
public_qoi_cpu,baseline,0,textures_photo,png_stb,decode,source_png,20,20971520,352173300.0,59.54886415296106,37854634,83886080,45.126240253448486
public_qoi_cpu,baseline,0,textures_photo,png_stb,encode,preparation_single,20,20971520,3423191300.0,6.1263067594265035,52316969,83886080,62.366687059402466
public_qoi_cpu,baseline,0,textures_photo,qoi,decode,allocated,20,20971520,112092600.0,187.09103009476095,40589641,83886080,48.38662266731262
public_qoi_cpu,baseline,0,textures_photo,qoi,encode,preparation_single,20,20971520,168281600.0,124.62158667376588,40589641,83886080,48.38662266731262
public_qoi_cpu,baseline,0,textures_photo,rgi,decode,allocated,20,20971520,95852000.0,218.79063556315987,40589641,83886080,48.38662266731262
public_qoi_cpu,baseline,0,textures_photo,rgi,decode,reused,20,20971520,88429300.0,237.1557843384489,40589641,83886080,48.38662266731262
public_qoi_cpu,baseline,0,textures_photo,rgi,decode,trusted_reused,20,20971520,86785800.0,241.64690536931158,40589641,83886080,48.38662266731262
public_qoi_cpu,baseline,0,textures_photo,rgi,encode,preparation_single,20,20971520,17980278700.0,1.1663623434268569,40589641,83886080,48.38662266731262
public_qoi_cpu,baseline,0,textures_pk,png_libpng,decode,allocated,1002,44595968,740132956.25,60.25399574956435,91803457,178383872,51.463989412675154
public_qoi_cpu,baseline,0,textures_pk,png_libpng,decode,source_png,1002,44595968,349909471.875,127.4500166029551,43523493,178383872,24.398782531192058
public_qoi_cpu,baseline,0,textures_pk,png_libpng,encode,preparation_single,1002,44595968,11150627000.0,3.9994134858963535,91803457,178383872,51.463989412675154
public_qoi_cpu,baseline,0,textures_pk,png_stb,decode,allocated,1002,44595968,858521203.125,51.945097963418455,124784093,178383872,69.95256443362773
public_qoi_cpu,baseline,0,textures_pk,png_stb,decode,source_png,1002,44595968,316726906.25,140.802587718264,43523493,178383872,24.398782531192058
public_qoi_cpu,baseline,0,textures_pk,png_stb,encode,preparation_single,1002,44595968,8071712400.0,5.52496989362505,124784093,178383872,69.95256443362773
public_qoi_cpu,baseline,0,textures_pk,qoi,decode,allocated,1002,44595968,220227821.875,202.49924655438133,77558909,178383872,43.47865540221035
public_qoi_cpu,baseline,0,textures_pk,qoi,encode,preparation_single,1002,44595968,421703600.0,105.75192623444524,77558909,178383872,43.47865540221035
public_qoi_cpu,baseline,0,textures_pk,rgi,decode,allocated,1002,44595968,192225675.0,231.9979784178154,77301122,178383872,43.33414289829968
public_qoi_cpu,baseline,0,textures_pk,rgi,decode,reused,1002,44595968,192049640.625,232.2106297875297,77301122,178383872,43.33414289829968
public_qoi_cpu,baseline,0,textures_pk,rgi,decode,trusted_reused,1002,44595968,198786468.75,224.341064461914,77301122,178383872,43.33414289829968
public_qoi_cpu,baseline,0,textures_pk,rgi,encode,preparation_single,1002,44595968,15958512700.0,2.794494000684663,77301122,178383872,43.33414289829968
public_qoi_cpu,baseline,0,textures_pk01,png_libpng,decode,allocated,113,14680064,187607400.0,78.24885372325399,18944396,58720256,32.26211411612375
public_qoi_cpu,baseline,0,textures_pk01,png_libpng,decode,source_png,113,14680064,181280300.0,80.97991894320563,18946769,58720256,32.26615531103952
public_qoi_cpu,baseline,0,textures_pk01,png_libpng,encode,preparation_single,113,14680064,3232593200.0,4.5412655078282045,18944396,58720256,32.26211411612375
public_qoi_cpu,baseline,0,textures_pk01,png_stb,decode,allocated,113,14680064,211228800.0,69.498401733097,26888834,58720256,45.79141139984131
public_qoi_cpu,baseline,0,textures_pk01,png_stb,decode,source_png,113,14680064,189902900.0,77.30300063874749,18946769,58720256,32.26615531103952
public_qoi_cpu,baseline,0,textures_pk01,png_stb,encode,preparation_single,113,14680064,1900941700.0,7.7225219479376985,26888834,58720256,45.79141139984131
public_qoi_cpu,baseline,0,textures_pk01,qoi,decode,allocated,113,14680064,57160900.0,256.8200290758193,20646004,58720256,35.15993527003697
public_qoi_cpu,baseline,0,textures_pk01,qoi,encode,preparation_single,113,14680064,110057300.0,133.3856454774013,20646004,58720256,35.15993527003697
public_qoi_cpu,baseline,0,textures_pk01,rgi,decode,allocated,113,14680064,43583600.0,336.8254113932764,20024626,58720256,34.101734842572895
public_qoi_cpu,baseline,0,textures_pk01,rgi,decode,reused,113,14680064,42171900.0,348.10060727640916,20024626,58720256,34.101734842572895
public_qoi_cpu,baseline,0,textures_pk01,rgi,decode,trusted_reused,113,14680064,42303300.0,347.0193578278763,20024626,58720256,34.101734842572895
public_qoi_cpu,baseline,0,textures_pk01,rgi,encode,preparation_single,113,14680064,4734721900.0,3.1005124081310877,20024626,58720256,34.101734842572895
public_qoi_cpu,baseline,0,textures_pk02,png_libpng,decode,allocated,235,71385088,981506200.0,72.73014475099598,102958000,285540352,36.05725050027255
public_qoi_cpu,baseline,0,textures_pk02,png_libpng,decode,source_png,235,71385088,975747500.0,73.15938600918783,102962935,285540352,36.05897880240759
public_qoi_cpu,baseline,0,textures_pk02,png_libpng,encode,preparation_single,235,71385088,21909277300.0,3.2582128119762306,102958000,285540352,36.05725050027255
public_qoi_cpu,baseline,0,textures_pk02,png_stb,decode,allocated,235,71385088,1232952200.0,57.897693033030805,150043074,285540352,52.54706487158775
public_qoi_cpu,baseline,0,textures_pk02,png_stb,decode,source_png,235,71385088,1107086600.0,64.48013010003011,102962935,285540352,36.05897880240759
public_qoi_cpu,baseline,0,textures_pk02,png_stb,encode,preparation_single,235,71385088,10814340900.0,6.600965205378351,150043074,285540352,52.54706487158775
public_qoi_cpu,baseline,0,textures_pk02,qoi,decode,allocated,235,71385088,358329600.0,199.21627462537285,115289941,285540352,40.37605900268695
public_qoi_cpu,baseline,0,textures_pk02,qoi,encode,preparation_single,235,71385088,600217300.0,118.9320734340713,115289941,285540352,40.37605900268695
public_qoi_cpu,baseline,0,textures_pk02,rgi,decode,allocated,235,71385088,293124700.0,243.53146630086104,115270037,285540352,40.36908835918224
public_qoi_cpu,baseline,0,textures_pk02,rgi,decode,reused,235,71385088,270207700.0,264.1859872979193,115270037,285540352,40.36908835918224
public_qoi_cpu,baseline,0,textures_pk02,rgi,decode,trusted_reused,235,71385088,271246100.0,263.1746152294909,115270037,285540352,40.36908835918224
public_qoi_cpu,baseline,0,textures_pk02,rgi,encode,preparation_single,235,71385088,47986354500.0,1.487612233598616,115270037,285540352,40.36908835918224
public_qoi_cpu,baseline,0,textures_plants,png_libpng,decode,allocated,60,63833030,637961100.0,100.05787186710914,52691027,255332120,20.636270517003503
public_qoi_cpu,baseline,0,textures_plants,png_libpng,decode,source_png,60,63833030,617308400.0,103.40541291840513,51765329,255332120,20.273723885580868
public_qoi_cpu,baseline,0,textures_plants,png_libpng,encode,preparation_single,60,63833030,9296515200.0,6.866339550544703,52691027,255332120,20.636270517003503
public_qoi_cpu,baseline,0,textures_plants,png_stb,decode,allocated,60,63833030,723036500.0,88.28465782847753,73185358,255332120,28.662809050424208
public_qoi_cpu,baseline,0,textures_plants,png_stb,decode,source_png,60,63833030,665668800.0,95.89307775878936,51765329,255332120,20.273723885580868
public_qoi_cpu,baseline,0,textures_plants,png_stb,encode,preparation_single,60,63833030,6660465100.0,9.583869751077893,73185358,255332120,28.662809050424208
public_qoi_cpu,baseline,0,textures_plants,qoi,decode,allocated,60,63833030,183596900.0,347.68032575713426,56670920,255332120,22.194982754226142
public_qoi_cpu,baseline,0,textures_plants,qoi,encode,preparation_single,60,63833030,390719500.0,163.3730335957125,56670920,255332120,22.194982754226142
public_qoi_cpu,baseline,0,textures_plants,rgi,decode,allocated,60,63833030,149192300.0,427.85740282843017,56675599,255332120,22.196815269461595
public_qoi_cpu,baseline,0,textures_plants,rgi,decode,reused,60,63833030,124530700.0,512.5887030266432,56675599,255332120,22.196815269461595
public_qoi_cpu,baseline,0,textures_plants,rgi,decode,trusted_reused,60,63833030,122794700.0,519.8353837747069,56675599,255332120,22.196815269461595
public_qoi_cpu,baseline,0,textures_plants,rgi,encode,preparation_single,60,63833030,26602513100.0,2.3995112702340893,56675599,255332120,22.196815269461595
public_qoi_cpu,candidate,0,ALL,png_libpng,decode,allocated,2847,1294839636,15072122481.25,85.90957495275164,1228176592,5179358544,23.712909264078167
public_qoi_cpu,candidate,0,ALL,png_libpng,decode,source_png,2847,1294839636,13095699659.375,98.87517808741477,1138722336,5179358544,21.985779249037446
public_qoi_cpu,candidate,0,ALL,png_libpng,encode,preparation_single,2847,1294839636,262350926000.0,4.935525312382545,1228176592,5179358544,23.712909264078167
public_qoi_cpu,candidate,0,ALL,png_stb,decode,allocated,2847,1294839636,17655058053.125,73.34100132119414,1747669990,5179358544,33.7429813972732
public_qoi_cpu,candidate,0,ALL,png_stb,decode,source_png,2847,1294839636,14481259943.75,89.4148465692616,1138722336,5179358544,21.985779249037446
public_qoi_cpu,candidate,0,ALL,png_stb,encode,preparation_single,2847,1294839636,160367656000.0,8.074194437312222,1747669990,5179358544,33.7429813972732
public_qoi_cpu,candidate,0,ALL,qoi,decode,allocated,2847,1294839636,4782831346.875,270.7265931185344,1344553132,5179358544,25.959838859921955
public_qoi_cpu,candidate,0,ALL,qoi,encode,preparation_single,2847,1294839636,9453967700.0,136.9625618670138,1344553132,5179358544,25.959838859921955
public_qoi_cpu,candidate,0,ALL,rgi,decode,allocated,2847,1294839636,4134262950.0,313.197213544436,1325051132,5179358544,25.583305746133338
public_qoi_cpu,candidate,0,ALL,rgi,decode,reused,2847,1294839636,3642340256.25,355.496616159939,1325051132,5179358544,25.583305746133338
public_qoi_cpu,candidate,0,ALL,rgi,decode,trusted_reused,2847,1294839636,3635501134.375,356.165378070389,1325051132,5179358544,25.583305746133338
public_qoi_cpu,candidate,0,ALL,rgi,encode,preparation_single,2847,1294839636,245365649700.0,5.277183817633622,1325051132,5179358544,25.583305746133338
public_qoi_cpu,candidate,0,icon_512,png_libpng,decode,allocated,213,55836672,351278300.0,158.95280750333853,11150590,223346688,4.992502955763553
public_qoi_cpu,candidate,0,icon_512,png_libpng,decode,source_png,213,55836672,347062500.0,160.88362182603998,11154424,223346688,4.994219569533084
public_qoi_cpu,candidate,0,icon_512,png_libpng,encode,preparation_single,213,55836672,2953660400.0,18.904228800304868,11150590,223346688,4.992502955763553
public_qoi_cpu,candidate,0,icon_512,png_stb,decode,allocated,213,55836672,330751100.0,168.8177968266772,15128470,223346688,6.773536753766414
public_qoi_cpu,candidate,0,icon_512,png_stb,decode,source_png,213,55836672,298875400.0,186.82257556158854,11154424,223346688,4.994219569533084
public_qoi_cpu,candidate,0,icon_512,png_stb,encode,preparation_single,213,55836672,3133578600.0,17.81881967154103,15128470,223346688,6.773536753766414
public_qoi_cpu,candidate,0,icon_512,qoi,decode,allocated,213,55836672,107033900.0,521.6727784374857,18658484,223346688,8.354045527641762
public_qoi_cpu,candidate,0,icon_512,qoi,encode,preparation_single,213,55836672,302794300.0,184.40463377282862,18658484,223346688,8.354045527641762
public_qoi_cpu,candidate,0,icon_512,rgi,decode,allocated,213,55836672,80669500.0,692.165837150348,18042459,223346688,8.07822993103887
public_qoi_cpu,candidate,0,icon_512,rgi,decode,reused,213,55836672,58580300.0,953.1646645715368,18042459,223346688,8.07822993103887
public_qoi_cpu,candidate,0,icon_512,rgi,decode,trusted_reused,213,55836672,59393600.0,940.1126047250882,18042459,223346688,8.07822993103887
public_qoi_cpu,candidate,0,icon_512,rgi,encode,preparation_single,213,55836672,4295404700.0,12.999164432631924,18042459,223346688,8.07822993103887
public_qoi_cpu,candidate,0,icon_64,png_libpng,decode,allocated,213,872448,12584800.0,69.3255355667154,824285,3489792,23.619889093676644
public_qoi_cpu,candidate,0,icon_64,png_libpng,decode,source_png,213,872448,12315900.0,70.83915913575134,828119,3489792,23.729752374926644
public_qoi_cpu,candidate,0,icon_64,png_libpng,encode,preparation_single,213,872448,96566100.0,9.034723365653164,824285,3489792,23.619889093676644
public_qoi_cpu,candidate,0,icon_64,png_stb,decode,allocated,213,872448,10052700.0,86.78743024262138,972106,3489792,27.855700282423708
public_qoi_cpu,candidate,0,icon_64,png_stb,decode,source_png,213,872448,10399700.0,83.89165072069386,828119,3489792,23.729752374926644
public_qoi_cpu,candidate,0,icon_64,png_stb,encode,preparation_single,213,872448,120178000.0,7.2596315465393,972106,3489792,27.855700282423708
public_qoi_cpu,candidate,0,icon_64,qoi,decode,allocated,213,872448,2634100.0,331.2129380053908,1001738,3489792,28.704805329372064
public_qoi_cpu,candidate,0,icon_64,qoi,encode,preparation_single,213,872448,6913600.0,126.19301087711177,1001738,3489792,28.704805329372064
public_qoi_cpu,candidate,0,icon_64,rgi,decode,allocated,213,872448,2217300.0,393.47314301177107,996704,3489792,28.56055604460094
public_qoi_cpu,candidate,0,icon_64,rgi,decode,reused,213,872448,2270400.0,384.2706131078224,996704,3489792,28.56055604460094
public_qoi_cpu,candidate,0,icon_64,rgi,decode,trusted_reused,213,872448,2412400.0,361.6514674183386,996704,3489792,28.56055604460094
public_qoi_cpu,candidate,0,icon_64,rgi,encode,preparation_single,213,872448,54957100.0,15.875073466394698,996704,3489792,28.56055604460094
public_qoi_cpu,candidate,0,photo_kodak,png_libpng,decode,allocated,24,9437184,166945200.0,56.528633347948904,17633593,37748736,46.71306875016954
public_qoi_cpu,candidate,0,photo_kodak,png_libpng,decode,source_png,24,9437184,143323200.0,65.84547372651461,15394305,37748736,40.780981381734215
public_qoi_cpu,candidate,0,photo_kodak,png_libpng,encode,preparation_single,24,9437184,3517110700.0,2.6832206333454334,17633593,37748736,46.71306875016954
public_qoi_cpu,candidate,0,photo_kodak,png_stb,decode,allocated,24,9437184,207344000.0,45.51462304190138,24069699,37748736,63.76292705535889
public_qoi_cpu,candidate,0,photo_kodak,png_stb,decode,source_png,24,9437184,163933600.0,57.567112538247194,15394305,37748736,40.780981381734215
public_qoi_cpu,candidate,0,photo_kodak,png_stb,encode,preparation_single,24,9437184,1883253200.0,5.01110737525894,24069699,37748736,63.76292705535889
public_qoi_cpu,candidate,0,photo_kodak,qoi,decode,allocated,24,9437184,53493700.0,176.41673692416117,16501520,37748736,43.71409946017795
public_qoi_cpu,candidate,0,photo_kodak,qoi,encode,preparation_single,24,9437184,91929400.0,102.65686494200985,16501520,37748736,43.71409946017795
public_qoi_cpu,candidate,0,photo_kodak,rgi,decode,allocated,24,9437184,49072800.0,192.3098743091896,16501523,37748736,43.71410740746392
public_qoi_cpu,candidate,0,photo_kodak,rgi,decode,reused,24,9437184,43883200.0,215.05232070587377,16501523,37748736,43.71410740746392
public_qoi_cpu,candidate,0,photo_kodak,rgi,decode,trusted_reused,24,9437184,43913600.0,214.9034467681994,16501523,37748736,43.71410740746392
public_qoi_cpu,candidate,0,photo_kodak,rgi,encode,preparation_single,24,9437184,2612972400.0,3.6116661622602675,16501523,37748736,43.71410740746392
public_qoi_cpu,candidate,0,photo_tecnick,png_libpng,decode,allocated,100,144000000,2428203700.0,59.303097182497496,247240373,576000000,42.923675868055554
public_qoi_cpu,candidate,0,photo_tecnick,png_libpng,decode,source_png,100,144000000,1806670000.0,79.70464999142068,237834256,576000000,41.29066944444445
public_qoi_cpu,candidate,0,photo_tecnick,png_libpng,encode,preparation_single,100,144000000,59046994600.0,2.438735467833616,247240373,576000000,42.923675868055554
public_qoi_cpu,candidate,0,photo_tecnick,png_stb,decode,allocated,100,144000000,3108937900.0,46.31806894566791,361785290,576000000,62.809946180555556
public_qoi_cpu,candidate,0,photo_tecnick,png_stb,decode,source_png,100,144000000,2515444700.0,57.24633898729716,237834256,576000000,41.29066944444445
public_qoi_cpu,candidate,0,photo_tecnick,png_stb,encode,preparation_single,100,144000000,28087151000.0,5.126899485106197,361785290,576000000,62.809946180555556
public_qoi_cpu,candidate,0,photo_tecnick,qoi,decode,allocated,100,144000000,802377800.0,179.46658045623894,258843443,576000000,44.93809774305556
public_qoi_cpu,candidate,0,photo_tecnick,qoi,encode,preparation_single,100,144000000,1314544500.0,109.54364800887303,258843443,576000000,44.93809774305556
public_qoi_cpu,candidate,0,photo_tecnick,rgi,decode,allocated,100,144000000,730462100.0,197.13548451042155,258844373,576000000,44.93825920138889
public_qoi_cpu,candidate,0,photo_tecnick,rgi,decode,reused,100,144000000,672579000.0,214.1012431253429,258844373,576000000,44.93825920138889
public_qoi_cpu,candidate,0,photo_tecnick,rgi,decode,trusted_reused,100,144000000,671285900.0,214.51366697855565,258844373,576000000,44.93825920138889
public_qoi_cpu,candidate,0,photo_tecnick,rgi,encode,preparation_single,100,144000000,44524549100.0,3.2341708767579638,258844373,576000000,44.93825920138889
public_qoi_cpu,candidate,0,photo_wikipedia,png_libpng,decode,allocated,49,53140448,885781900.0,59.99270023467402,102673940,212561792,48.303102375049605
public_qoi_cpu,candidate,0,photo_wikipedia,png_libpng,decode,source_png,49,53140448,737686600.0,72.03661826038321,88339751,212561792,41.55956259533228
public_qoi_cpu,candidate,0,photo_wikipedia,png_libpng,encode,preparation_single,49,53140448,20736806000.0,2.56261489835995,102673940,212561792,48.303102375049605
public_qoi_cpu,candidate,0,photo_wikipedia,png_stb,decode,allocated,49,53140448,1159025900.0,45.84923253224971,145205551,212561792,68.31215978834051
public_qoi_cpu,candidate,0,photo_wikipedia,png_stb,decode,source_png,49,53140448,915532600.0,58.04320676292685,88339751,212561792,41.55956259533228
public_qoi_cpu,candidate,0,photo_wikipedia,png_stb,encode,preparation_single,49,53140448,10204466000.0,5.207567745338169,145205551,212561792,68.31215978834051
public_qoi_cpu,candidate,0,photo_wikipedia,qoi,decode,allocated,49,53140448,294150500.0,180.65734377470037,105507130,212561792,49.635980675209964
public_qoi_cpu,candidate,0,photo_wikipedia,qoi,encode,preparation_single,49,53140448,465526800.0,114.15121105809591,105507130,212561792,49.635980675209964
public_qoi_cpu,candidate,0,photo_wikipedia,rgi,decode,allocated,49,53140448,267104900.0,198.94973098584114,105507158,212561792,49.63599384785014
public_qoi_cpu,candidate,0,photo_wikipedia,rgi,decode,reused,49,53140448,246051800.0,215.9726041427049,105507158,212561792,49.63599384785014
public_qoi_cpu,candidate,0,photo_wikipedia,rgi,decode,trusted_reused,49,53140448,245873700.0,216.12904511543934,105507158,212561792,49.63599384785014
public_qoi_cpu,candidate,0,photo_wikipedia,rgi,encode,preparation_single,49,53140448,17067175600.0,3.1136052763176587,105507158,212561792,49.63599384785014
public_qoi_cpu,candidate,0,pngimg,png_libpng,decode,allocated,187,338258448,3378858100.0,100.11028518776803,229999870,1353033792,16.99882673735912
public_qoi_cpu,candidate,0,pngimg,png_libpng,decode,source_png,187,338258448,3261222100.0,103.72137733274897,229608249,1353033792,16.969882818713813
public_qoi_cpu,candidate,0,pngimg,png_libpng,encode,preparation_single,187,338258448,47651407900.0,7.098603439165121,229999870,1353033792,16.99882673735912
public_qoi_cpu,candidate,0,pngimg,png_stb,decode,allocated,187,338258448,3869486500.0,87.41688283445362,335327518,1353033792,24.78338087213124
public_qoi_cpu,candidate,0,pngimg,png_stb,decode,source_png,187,338258448,3354527000.0,100.83640644418722,229608249,1353033792,16.969882818713813
public_qoi_cpu,candidate,0,pngimg,png_stb,encode,preparation_single,187,338258448,34434076200.0,9.823363520349066,335327518,1353033792,24.78338087213124
public_qoi_cpu,candidate,0,pngimg,qoi,decode,allocated,187,338258448,990140300.0,341.6267856181594,275044884,1353033792,20.328012916324855
public_qoi_cpu,candidate,0,pngimg,qoi,encode,preparation_single,187,338258448,2180494100.0,155.12926542658383,275044884,1353033792,20.328012916324855
public_qoi_cpu,candidate,0,pngimg,rgi,decode,allocated,187,338258448,833267400.0,405.942255751275,273619366,1353033792,20.222655754631738
public_qoi_cpu,candidate,0,pngimg,rgi,decode,reused,187,338258448,706489400.0,478.7877185418493,273619366,1353033792,20.222655754631738
public_qoi_cpu,candidate,0,pngimg,rgi,decode,trusted_reused,187,338258448,703151700.0,481.0604141325407,273619366,1353033792,20.222655754631738
public_qoi_cpu,candidate,0,pngimg,rgi,encode,preparation_single,187,338258448,57806340600.0,5.851580371444582,273619366,1353033792,20.222655754631738
public_qoi_cpu,candidate,0,screenshot_game,png_libpng,decode,allocated,618,391206639,4356785700.0,89.79249059690954,283655968,1564826556,18.126990937901745
public_qoi_cpu,candidate,0,screenshot_game,png_libpng,decode,source_png,618,391206639,3916369300.0,99.89013012639028,266238855,1564826556,17.013953014739098
public_qoi_cpu,candidate,0,screenshot_game,png_libpng,encode,preparation_single,618,391206639,70501181500.0,5.548937346532271,283655968,1564826556,18.126990937901745
public_qoi_cpu,candidate,0,screenshot_game,png_stb,decode,allocated,618,391206639,4921957600.0,79.48191975485527,401452182,1564826556,25.6547398470914
public_qoi_cpu,candidate,0,screenshot_game,png_stb,decode,source_png,618,391206639,4115763700.0,95.05080162886902,266238855,1564826556,17.013953014739098
public_qoi_cpu,candidate,0,screenshot_game,png_stb,encode,preparation_single,618,391206639,45690894600.0,8.562026251068414,401452182,1564826556,25.6547398470914
public_qoi_cpu,candidate,0,screenshot_game,qoi,decode,allocated,618,391206639,1445101900.0,270.7121477039093,328478275,1564826556,20.991353561870405
public_qoi_cpu,candidate,0,screenshot_game,qoi,encode,preparation_single,618,391206639,2901245200.0,134.84094312331823,328478275,1564826556,20.991353561870405
public_qoi_cpu,candidate,0,screenshot_game,rgi,decode,allocated,618,391206639,1261200100.0,310.1860196490628,312425409,1564826556,19.965497633080812
public_qoi_cpu,candidate,0,screenshot_game,rgi,decode,reused,618,391206639,1091275400.0,358.4857122225975,312425409,1564826556,19.965497633080812
public_qoi_cpu,candidate,0,screenshot_game,rgi,decode,trusted_reused,618,391206639,1094044100.0,357.5784915800012,312425409,1564826556,19.965497633080812
public_qoi_cpu,candidate,0,screenshot_game,rgi,encode,preparation_single,618,391206639,70574963400.0,5.543136264665778,312425409,1564826556,19.965497633080812
public_qoi_cpu,candidate,0,screenshot_web,png_libpng,decode,allocated,13,86622127,577962000.0,149.87512500821853,28100646,346488508,8.110123525366676
public_qoi_cpu,candidate,0,screenshot_web,png_libpng,decode,source_png,13,86622127,431447300.0,200.7710489786354,34271217,346488508,9.89101116161694
public_qoi_cpu,candidate,0,screenshot_web,png_libpng,encode,preparation_single,13,86622127,4865997900.0,17.801513436740283,28100646,346488508,8.110123525366676
public_qoi_cpu,candidate,0,screenshot_web,png_stb,decode,allocated,13,86622127,565833400.0,153.0876880014506,36510846,346488508,10.537390175145434
public_qoi_cpu,candidate,0,screenshot_web,png_stb,decode,source_png,13,86622127,449777300.0,192.58892567499515,34271217,346488508,9.89101116161694
public_qoi_cpu,candidate,0,screenshot_web,png_stb,encode,preparation_single,13,86622127,5692844300.0,15.215966296496111,36510846,346488508,10.537390175145434
public_qoi_cpu,candidate,0,screenshot_web,qoi,decode,allocated,13,86622127,156912900.0,552.0395518787811,29762243,346488508,8.589676803941792
public_qoi_cpu,candidate,0,screenshot_web,qoi,encode,preparation_single,13,86622127,456393300.0,189.79710482165274,29762243,346488508,8.589676803941792
public_qoi_cpu,candidate,0,screenshot_web,rgi,decode,allocated,13,86622127,119356700.0,725.7416382993163,29253115,346488508,8.44273744282451
public_qoi_cpu,candidate,0,screenshot_web,rgi,decode,reused,13,86622127,91680500.0,944.8260753377218,29253115,346488508,8.44273744282451
public_qoi_cpu,candidate,0,screenshot_web,rgi,decode,trusted_reused,13,86622127,90036000.0,962.0832444799858,29253115,346488508,8.44273744282451
public_qoi_cpu,candidate,0,screenshot_web,rgi,encode,preparation_single,13,86622127,6809461100.0,12.720849084518598,29253115,346488508,8.44273744282451
public_qoi_cpu,candidate,0,textures_photo,png_libpng,decode,allocated,20,20971520,330409000.0,63.47139454433747,40500447,83886080,48.2802951335907
public_qoi_cpu,candidate,0,textures_photo,png_libpng,decode,source_png,20,20971520,292722800.0,71.64293317773675,37854634,83886080,45.126240253448486
public_qoi_cpu,candidate,0,textures_photo,png_libpng,encode,preparation_single,20,20971520,6220879900.0,3.371150116561485,40500447,83886080,48.2802951335907
public_qoi_cpu,candidate,0,textures_photo,png_stb,decode,allocated,20,20971520,418253700.0,50.14066821166197,52316969,83886080,62.366687059402466
public_qoi_cpu,candidate,0,textures_photo,png_stb,decode,source_png,20,20971520,350207500.0,59.883126432186636,37854634,83886080,45.126240253448486
public_qoi_cpu,candidate,0,textures_photo,png_stb,encode,preparation_single,20,20971520,3408541500.0,6.152637425714195,52316969,83886080,62.366687059402466
public_qoi_cpu,candidate,0,textures_photo,qoi,decode,allocated,20,20971520,112762100.0,185.98021853087164,40589641,83886080,48.38662266731262
public_qoi_cpu,candidate,0,textures_photo,qoi,encode,preparation_single,20,20971520,169237600.0,123.91761641621011,40589641,83886080,48.38662266731262
public_qoi_cpu,candidate,0,textures_photo,rgi,decode,allocated,20,20971520,96587300.0,217.12502575390346,40589641,83886080,48.38662266731262
public_qoi_cpu,candidate,0,textures_photo,rgi,decode,reused,20,20971520,88400800.0,237.23224224215164,40589641,83886080,48.38662266731262
public_qoi_cpu,candidate,0,textures_photo,rgi,decode,trusted_reused,20,20971520,87407000.0,239.9295250952441,40589641,83886080,48.38662266731262
public_qoi_cpu,candidate,0,textures_photo,rgi,encode,preparation_single,20,20971520,6650414500.0,3.1534154750805383,40589641,83886080,48.38662266731262
public_qoi_cpu,candidate,0,textures_pk,png_libpng,decode,allocated,1002,44595968,758546381.25,58.79135291175051,91803457,178383872,51.463989412675154
public_qoi_cpu,candidate,0,textures_pk,png_libpng,decode,source_png,1002,44595968,357980559.375,124.57650794741569,43523493,178383872,24.398782531192058
public_qoi_cpu,candidate,0,textures_pk,png_libpng,encode,preparation_single,1002,44595968,11587599100.0,3.8485943132085056,91803457,178383872,51.463989412675154
public_qoi_cpu,candidate,0,textures_pk,png_stb,decode,allocated,1002,44595968,880700853.125,50.636907914599675,124784093,178383872,69.95256443362773
public_qoi_cpu,candidate,0,textures_pk,png_stb,decode,source_png,1002,44595968,323884843.75,137.69081468481033,43523493,178383872,24.398782531192058
public_qoi_cpu,candidate,0,textures_pk,png_stb,encode,preparation_single,1002,44595968,8389346400.0,5.315785744643945,124784093,178383872,69.95256443362773
public_qoi_cpu,candidate,0,textures_pk,qoi,decode,allocated,1002,44595968,224364946.875,198.76530902505758,77558909,178383872,43.47865540221035
public_qoi_cpu,candidate,0,textures_pk,qoi,encode,preparation_single,1002,44595968,438740600.0,101.64540961105492,77558909,178383872,43.47865540221035
public_qoi_cpu,candidate,0,textures_pk,rgi,decode,allocated,1002,44595968,201556650.0,221.257735728392,77301122,178383872,43.33414289829968
public_qoi_cpu,candidate,0,textures_pk,rgi,decode,reused,1002,44595968,198455556.25,224.71513946337294,77301122,178383872,43.33414289829968
public_qoi_cpu,candidate,0,textures_pk,rgi,decode,trusted_reused,1002,44595968,198504034.375,224.66026013230746,77301122,178383872,43.33414289829968
public_qoi_cpu,candidate,0,textures_pk,rgi,encode,preparation_single,1002,44595968,6129477700.0,7.2756554771379625,77301122,178383872,43.33414289829968
public_qoi_cpu,candidate,0,textures_pk01,png_libpng,decode,allocated,113,14680064,196588000.0,74.67426292550918,18944396,58720256,32.26211411612375
public_qoi_cpu,candidate,0,textures_pk01,png_libpng,decode,source_png,113,14680064,191974800.0,76.46870318395956,18946769,58720256,32.26615531103952
public_qoi_cpu,candidate,0,textures_pk01,png_libpng,encode,preparation_single,113,14680064,3506814400.0,4.186153678392561,18944396,58720256,32.26211411612375
public_qoi_cpu,candidate,0,textures_pk01,png_stb,decode,allocated,113,14680064,221610800.0,66.24254774586798,26888834,58720256,45.79141139984131
public_qoi_cpu,candidate,0,textures_pk01,png_stb,decode,source_png,113,14680064,198802500.0,73.8424516794306,18946769,58720256,32.26615531103952
public_qoi_cpu,candidate,0,textures_pk01,png_stb,encode,preparation_single,113,14680064,2038666400.0,7.200817161650381,26888834,58720256,45.79141139984131
public_qoi_cpu,candidate,0,textures_pk01,qoi,decode,allocated,113,14680064,59114200.0,248.33397051808194,20646004,58720256,35.15993527003697
public_qoi_cpu,candidate,0,textures_pk01,qoi,encode,preparation_single,113,14680064,119539500.0,122.80513135825396,20646004,58720256,35.15993527003697
public_qoi_cpu,candidate,0,textures_pk01,rgi,decode,allocated,113,14680064,46785200.0,313.7758094440122,20024626,58720256,34.101734842572895
public_qoi_cpu,candidate,0,textures_pk01,rgi,decode,reused,113,14680064,45147000.0,325.16145037322525,20024626,58720256,34.101734842572895
public_qoi_cpu,candidate,0,textures_pk01,rgi,decode,trusted_reused,113,14680064,44043500.0,333.3082974786291,20024626,58720256,34.101734842572895
public_qoi_cpu,candidate,0,textures_pk01,rgi,encode,preparation_single,113,14680064,2159346900.0,6.798381492107636,20024626,58720256,34.101734842572895
public_qoi_cpu,candidate,0,textures_pk02,png_libpng,decode,allocated,235,71385088,990766900.0,72.05033595692387,102958000,285540352,36.05725050027255
public_qoi_cpu,candidate,0,textures_pk02,png_libpng,decode,source_png,235,71385088,984795100.0,72.4872493780686,102962935,285540352,36.05897880240759
public_qoi_cpu,candidate,0,textures_pk02,png_libpng,encode,preparation_single,235,71385088,22269378000.0,3.205526800074973,102958000,285540352,36.05725050027255
public_qoi_cpu,candidate,0,textures_pk02,png_stb,decode,allocated,235,71385088,1246809700.0,57.254196851371944,150043074,285540352,52.54706487158775
public_qoi_cpu,candidate,0,textures_pk02,png_stb,decode,source_png,235,71385088,1123287500.0,63.55014900459589,102962935,285540352,36.05897880240759
public_qoi_cpu,candidate,0,textures_pk02,png_stb,encode,preparation_single,235,71385088,10777031800.0,6.623817144160231,150043074,285540352,52.54706487158775
public_qoi_cpu,candidate,0,textures_pk02,qoi,decode,allocated,235,71385088,357909800.0,199.44993962165887,115289941,285540352,40.37605900268695
public_qoi_cpu,candidate,0,textures_pk02,qoi,encode,preparation_single,235,71385088,610761800.0,116.87877008679979,115289941,285540352,40.37605900268695
public_qoi_cpu,candidate,0,textures_pk02,rgi,decode,allocated,235,71385088,297723600.0,239.769665555569,115270037,285540352,40.36908835918224
public_qoi_cpu,candidate,0,textures_pk02,rgi,decode,reused,235,71385088,272545200.0,261.9201805792214,115270037,285540352,40.36908835918224
public_qoi_cpu,candidate,0,textures_pk02,rgi,decode,trusted_reused,235,71385088,272455000.0,262.00689288139324,115270037,285540352,40.36908835918224
public_qoi_cpu,candidate,0,textures_pk02,rgi,encode,preparation_single,235,71385088,16541140500.0,4.315608588174437,115270037,285540352,40.36908835918224
public_qoi_cpu,candidate,0,textures_plants,png_libpng,decode,allocated,60,63833030,637412500.0,100.14398839056341,52691027,255332120,20.636270517003503
public_qoi_cpu,candidate,0,textures_plants,png_libpng,decode,source_png,60,63833030,612129500.0,104.28027075970036,51765329,255332120,20.273723885580868
public_qoi_cpu,candidate,0,textures_plants,png_libpng,encode,preparation_single,60,63833030,9396529500.0,6.7932559568934465,52691027,255332120,20.636270517003503
public_qoi_cpu,candidate,0,textures_plants,png_stb,decode,allocated,60,63833030,714293900.0,89.36521787460316,73185358,255332120,28.662809050424208
public_qoi_cpu,candidate,0,textures_plants,png_stb,decode,source_png,60,63833030,660823600.0,96.59617180742335,51765329,255332120,20.273723885580868
public_qoi_cpu,candidate,0,textures_plants,png_stb,encode,preparation_single,60,63833030,6507628000.0,9.808954967923796,73185358,255332120,28.662809050424208
public_qoi_cpu,candidate,0,textures_plants,qoi,decode,allocated,60,63833030,176835200.0,360.9746815113733,56670920,255332120,22.194982754226142
public_qoi_cpu,candidate,0,textures_plants,qoi,encode,preparation_single,60,63833030,395847000.0,161.2568239749196,56670920,255332120,22.194982754226142
public_qoi_cpu,candidate,0,textures_plants,rgi,decode,allocated,60,63833030,148259400.0,430.5496312544095,56675599,255332120,22.196815269461595
public_qoi_cpu,candidate,0,textures_plants,rgi,decode,reused,60,63833030,124981700.0,510.7390121913848,56675599,255332120,22.196815269461595
public_qoi_cpu,candidate,0,textures_plants,rgi,decode,trusted_reused,60,63833030,122980600.0,519.0495899353232,56675599,255332120,22.196815269461595
public_qoi_cpu,candidate,0,textures_plants,rgi,encode,preparation_single,60,63833030,10139446100.0,6.295514505471852,56675599,255332120,22.196815269461595
private_pixel_art_d3d12,candidate,0,ALL,png_libpng,gpu_latency,staged_premultiplied,128,8855290,166857200.0,53.07106915374344,993672,35421160,2.8053062067984222
private_pixel_art_d3d12,candidate,0,ALL,png_libpng,gpu_latency,staged_rgba,128,8855290,155454100.0,56.96401703139383,993672,35421160,2.8053062067984222
private_pixel_art_d3d12,candidate,0,ALL,png_libpng,gpu_stream,staged_premultiplied,128,8855290,65469937.023809515,135.25734715125185,993672,35421160,2.8053062067984222
private_pixel_art_d3d12,candidate,0,ALL,png_libpng,gpu_stream,staged_rgba,128,8855290,53442330.35714284,165.69805135408816,993672,35421160,2.8053062067984222
private_pixel_art_d3d12,candidate,0,ALL,png_stb,gpu_latency,staged_premultiplied,128,8855290,159826800.0,55.40553899596313,1377810,35421160,3.889793558426658
private_pixel_art_d3d12,candidate,0,ALL,png_stb,gpu_latency,staged_rgba,128,8855290,146922200.0,60.27196706828512,1377810,35421160,3.889793558426658
private_pixel_art_d3d12,candidate,0,ALL,png_stb,gpu_stream,staged_premultiplied,128,8855290,56786274.761904754,155.94067469874955,1377810,35421160,3.889793558426658
private_pixel_art_d3d12,candidate,0,ALL,png_stb,gpu_stream,staged_rgba,128,8855290,45017646.428571425,196.7070849439121,1377810,35421160,3.889793558426658
private_pixel_art_d3d12,candidate,0,ALL,qoi,gpu_latency,staged_premultiplied,128,8855290,127787100.0,69.29721388152639,1941614,35421160,5.481508793049127
private_pixel_art_d3d12,candidate,0,ALL,qoi,gpu_latency,staged_rgba,128,8855290,115674500.0,76.55351870982801,1941614,35421160,5.481508793049127
private_pixel_art_d3d12,candidate,0,ALL,qoi,gpu_stream,staged_premultiplied,128,8855290,29289969.166666657,302.33183072373225,1941614,35421160,5.481508793049127
private_pixel_art_d3d12,candidate,0,ALL,qoi,gpu_stream,staged_rgba,128,8855290,17040232.73809523,519.6695453697101,1941614,35421160,5.481508793049127
private_pixel_art_d3d12,candidate,0,ALL,rgba8,gpu_latency,staged_rgba,128,8855290,104036800.0,85.11690094274334,35421160,35421160,100.0
private_pixel_art_d3d12,candidate,0,ALL,rgba8,gpu_stream,staged_rgba,128,8855290,7903661.904761904,1120.4034416837526,35421160,35421160,100.0
private_pixel_art_d3d12,candidate,0,ALL,rgi,gpu_latency,direct_tight_rgba,128,8855290,264738200.0,33.44923399796478,1000184,35421160,2.8236906978766365
private_pixel_art_d3d12,candidate,0,ALL,rgi,gpu_latency,staged_premultiplied,128,8855290,120516000.0,73.47812738557536,1000184,35421160,2.8236906978766365
private_pixel_art_d3d12,candidate,0,ALL,rgi,gpu_latency,staged_rgba,128,8855290,104576300.0,84.67779028326686,1000184,35421160,2.8236906978766365
private_pixel_art_d3d12,candidate,0,ALL,rgi,gpu_stream,direct_tight_rgba,128,8855290,164362995.83333328,53.8764212413079,1000184,35421160,2.8236906978766365
private_pixel_art_d3d12,candidate,0,ALL,rgi,gpu_stream,staged_premultiplied,128,8855290,22197384.404761903,398.9339391761993,1000184,35421160,2.8236906978766365
private_pixel_art_d3d12,candidate,0,ALL,rgi,gpu_stream,staged_rgba,128,8855290,10897572.61904762,812.5928873850347,1000184,35421160,2.8236906978766365
private_pixel_art_vulkan,candidate,0,ALL,png_libpng,gpu_latency,staged_premultiplied,128,8855290,97801800.0,90.54322108591049,993672,35421160,2.8053062067984222
private_pixel_art_vulkan,candidate,0,ALL,png_libpng,gpu_latency,staged_rgba,128,8855290,89134700.0,99.34728001552706,993672,35421160,2.8053062067984222
private_pixel_art_vulkan,candidate,0,ALL,png_libpng,gpu_stream,staged_premultiplied,128,8855290,62688699.28571426,141.25815499282464,993672,35421160,2.8053062067984222
private_pixel_art_vulkan,candidate,0,ALL,png_libpng,gpu_stream,staged_rgba,128,8855290,51702010.476190485,171.27554457631754,993672,35421160,2.8053062067984222
private_pixel_art_vulkan,candidate,0,ALL,png_stb,gpu_latency,staged_premultiplied,128,8855290,87969800.0,100.66284111138141,1377810,35421160,3.889793558426658
private_pixel_art_vulkan,candidate,0,ALL,png_stb,gpu_latency,staged_rgba,128,8855290,76909900.0,115.13849322388926,1377810,35421160,3.889793558426658
private_pixel_art_vulkan,candidate,0,ALL,png_stb,gpu_stream,staged_premultiplied,128,8855290,54342790.714285724,162.95243368265417,1377810,35421160,3.889793558426658
private_pixel_art_vulkan,candidate,0,ALL,png_stb,gpu_stream,staged_rgba,128,8855290,43310822.261904776,204.4590598269226,1377810,35421160,3.889793558426658
private_pixel_art_vulkan,candidate,0,ALL,qoi,gpu_latency,staged_premultiplied,128,8855290,60389600.0,146.63601017393722,1941614,35421160,5.481508793049127
private_pixel_art_vulkan,candidate,0,ALL,qoi,gpu_latency,staged_rgba,128,8855290,49018700.0,180.65126166136596,1941614,35421160,5.481508793049127
private_pixel_art_vulkan,candidate,0,ALL,qoi,gpu_stream,staged_premultiplied,128,8855290,28534392.26190475,310.3374313607647,1941614,35421160,5.481508793049127
private_pixel_art_vulkan,candidate,0,ALL,qoi,gpu_stream,staged_rgba,128,8855290,18064213.80952381,490.21175753197275,1941614,35421160,5.481508793049127
private_pixel_art_vulkan,candidate,0,ALL,rgba8,gpu_latency,staged_rgba,128,8855290,39025900.0,226.90802774567658,35421160,35421160,100.0
private_pixel_art_vulkan,candidate,0,ALL,rgba8,gpu_stream,staged_rgba,128,8855290,6164392.261904759,1436.5227947489134,35421160,35421160,100.0
private_pixel_art_vulkan,candidate,0,ALL,rgi,gpu_latency,direct_tight_rgba,128,8855290,38646300.0,229.1368125797295,1000184,35421160,2.8236906978766365
private_pixel_art_vulkan,candidate,0,ALL,rgi,gpu_latency,staged_premultiplied,128,8855290,53357700.0,165.96086413020052,1000184,35421160,2.8236906978766365
private_pixel_art_vulkan,candidate,0,ALL,rgi,gpu_latency,staged_rgba,128,8855290,42820700.0,206.79928165583468,1000184,35421160,2.8236906978766365
private_pixel_art_vulkan,candidate,0,ALL,rgi,gpu_stream,direct_tight_rgba,128,8855290,7535552.777777777,1175.1347593389708,1000184,35421160,2.8236906978766365
private_pixel_art_vulkan,candidate,0,ALL,rgi,gpu_stream,staged_premultiplied,128,8855290,21398620.000000004,413.8252840603739,1000184,35421160,2.8236906978766365
private_pixel_art_vulkan,candidate,0,ALL,rgi,gpu_stream,staged_rgba,128,8855290,11073351.785714282,799.6937306213101,1000184,35421160,2.8236906978766365
generated_cpu,baseline,0,ALL,png_libpng,decode,allocated,9,1411141,10222871.875,138.03762946994775,943289,5644564,16.711459025001755
generated_cpu,baseline,0,ALL,png_libpng,encode,allocated,9,1411141,69092346.875,20.42398418674355,943289,5644564,16.711459025001755
generated_cpu,baseline,0,ALL,png_stb,decode,allocated,9,1411141,6110856.25,230.92361238247096,1118061,5644564,19.807747772901504
generated_cpu,baseline,0,ALL,png_stb,encode,allocated,9,1411141,111826181.25,12.619057399851968,1118061,5644564,19.807747772901504
generated_cpu,baseline,0,ALL,qoi,decode,allocated,9,1411141,4966365.625,284.1395713792216,2712490,5644564,48.054907340938996
generated_cpu,baseline,0,ALL,qoi,encode,allocated,9,1411141,7695090.625,183.3819858359368,2712490,5644564,48.054907340938996
generated_cpu,baseline,0,ALL,rgi,decode,allocated,9,1411141,2006200.0,703.3899910278137,1474583,5644564,26.123948634473805
generated_cpu,baseline,0,ALL,rgi,decode,reused,9,1411141,1382937.5,1020.3939078953315,1474583,5644564,26.123948634473805
generated_cpu,baseline,0,ALL,rgi,decode,trusted_reused,9,1411141,1233243.75,1144.2514912400732,1474583,5644564,26.123948634473805
generated_cpu,baseline,0,ALL,rgi,encode,allocated,9,1411141,269821837.5,5.2298991552157075,1474583,5644564,26.123948634473805
generated_cpu,baseline,0,ALL,rgi,encode,reused,9,1411141,269451531.25,5.237086586421097,1474583,5644564,26.123948634473805
generated_cpu,baseline,0,pixel-art,png_libpng,decode,allocated,3,329089,1445900.0,227.60149387924477,14395,1316356,1.0935491614730362
generated_cpu,baseline,0,pixel-art,png_libpng,encode,allocated,3,329089,8478700.0,38.81361529479755,14395,1316356,1.0935491614730362
generated_cpu,baseline,0,pixel-art,png_stb,decode,allocated,3,329089,1096900.0,300.0173215425289,28181,1316356,2.1408342424085887
generated_cpu,baseline,0,pixel-art,png_stb,encode,allocated,3,329089,13343000.0,24.66379374953159,28181,1316356,2.1408342424085887
generated_cpu,baseline,0,pixel-art,qoi,decode,allocated,3,329089,442300.0,744.0402441781596,181476,1316356,13.786240196421028
generated_cpu,baseline,0,pixel-art,qoi,encode,allocated,3,329089,1465900.0,224.49621393000888,181476,1316356,13.786240196421028
generated_cpu,baseline,0,pixel-art,rgi,decode,allocated,3,329089,130800.0,2515.9709480122324,15256,1316356,1.1589569994743063
generated_cpu,baseline,0,pixel-art,rgi,decode,reused,3,329089,74600.0,4411.380697050939,15256,1316356,1.1589569994743063
generated_cpu,baseline,0,pixel-art,rgi,decode,trusted_reused,3,329089,38000.0,8660.236842105263,15256,1316356,1.1589569994743063
generated_cpu,baseline,0,pixel-art,rgi,encode,allocated,3,329089,12528000.0,26.268279054916984,15256,1316356,1.1589569994743063
generated_cpu,baseline,0,pixel-art,rgi,encode,reused,3,329089,12321300.0,26.708951165867237,15256,1316356,1.1589569994743063
generated_cpu,baseline,0,synthetic,png_libpng,decode,allocated,6,1082052,8776971.875,123.28306566437527,928894,4328208,21.461399267318022
generated_cpu,baseline,0,synthetic,png_libpng,encode,allocated,6,1082052,60613646.875,17.851623450927693,928894,4328208,21.461399267318022
generated_cpu,baseline,0,synthetic,png_stb,decode,allocated,6,1082052,5013956.25,215.80802584785218,1089880,4328208,25.18086006957152
generated_cpu,baseline,0,synthetic,png_stb,encode,allocated,6,1082052,98483181.25,10.987175538665898,1089880,4328208,25.18086006957152
generated_cpu,baseline,0,synthetic,qoi,decode,allocated,6,1082052,4524065.625,239.17690186025982,2531014,4328208,58.47718039428789
generated_cpu,baseline,0,synthetic,qoi,encode,allocated,6,1082052,6229190.625,173.70667637900388,2531014,4328208,58.47718039428789
generated_cpu,baseline,0,synthetic,rgi,decode,allocated,6,1082052,1875400.0,576.9713127866055,1459327,4328208,33.71665594629463
generated_cpu,baseline,0,synthetic,rgi,decode,reused,6,1082052,1308337.5,827.0434807532461,1459327,4328208,33.71665594629463
generated_cpu,baseline,0,synthetic,rgi,decode,trusted_reused,6,1082052,1195243.75,905.2981870852702,1459327,4328208,33.71665594629463
generated_cpu,baseline,0,synthetic,rgi,encode,allocated,6,1082052,257293837.5,4.205510751884992,1459327,4328208,33.71665594629463
generated_cpu,baseline,0,synthetic,rgi,encode,reused,6,1082052,257130231.25,4.208186624885633,1459327,4328208,33.71665594629463
generated_cpu,baseline,1,ALL,png_libpng,decode,allocated,9,1411141,10148931.25,139.04331059489638,943289,5644564,16.711459025001755
generated_cpu,baseline,1,ALL,png_libpng,encode,allocated,9,1411141,66864225.0,21.104574232334258,943289,5644564,16.711459025001755
generated_cpu,baseline,1,ALL,png_stb,decode,allocated,9,1411141,5974781.25,236.18287280392065,1118061,5644564,19.807747772901504
generated_cpu,baseline,1,ALL,png_stb,encode,allocated,9,1411141,107994706.25,13.066760853382107,1118061,5644564,19.807747772901504
generated_cpu,baseline,1,ALL,qoi,decode,allocated,9,1411141,4906503.125,287.6062572567912,2712490,5644564,48.054907340938996
generated_cpu,baseline,1,ALL,qoi,encode,allocated,9,1411141,7462312.5,189.10237275643442,2712490,5644564,48.054907340938996
generated_cpu,baseline,1,ALL,rgi,decode,allocated,9,1411141,1966409.375,717.6232060020565,1474583,5644564,26.123948634473805
generated_cpu,baseline,1,ALL,rgi,decode,reused,9,1411141,1301937.5,1083.8776823004177,1474583,5644564,26.123948634473805
generated_cpu,baseline,1,ALL,rgi,decode,trusted_reused,9,1411141,1150134.375,1226.9357656578172,1474583,5644564,26.123948634473805
generated_cpu,baseline,1,ALL,rgi,encode,allocated,9,1411141,253824675.0,5.55951071344817,1474583,5644564,26.123948634473805
generated_cpu,baseline,1,ALL,rgi,encode,reused,9,1411141,254307318.75,5.54895945164378,1474583,5644564,26.123948634473805
generated_cpu,baseline,1,pixel-art,png_libpng,decode,allocated,3,329089,1474200.0,223.2322615655949,14395,1316356,1.0935491614730362
generated_cpu,baseline,1,pixel-art,png_libpng,encode,allocated,3,329089,8593200.0,38.2964436996695,14395,1316356,1.0935491614730362
generated_cpu,baseline,1,pixel-art,png_stb,decode,allocated,3,329089,1158000.0,284.1873920552677,28181,1316356,2.1408342424085887
generated_cpu,baseline,1,pixel-art,png_stb,encode,allocated,3,329089,13648200.0,24.112263888278306,28181,1316356,2.1408342424085887
generated_cpu,baseline,1,pixel-art,qoi,decode,allocated,3,329089,528000.0,623.2746212121212,181476,1316356,13.786240196421028
generated_cpu,baseline,1,pixel-art,qoi,encode,allocated,3,329089,1441300.0,228.32789842503297,181476,1316356,13.786240196421028
generated_cpu,baseline,1,pixel-art,rgi,decode,allocated,3,329089,241800.0,1360.9966914805625,15256,1316356,1.1589569994743063
generated_cpu,baseline,1,pixel-art,rgi,decode,reused,3,329089,69600.0,4728.290229885058,15256,1316356,1.1589569994743063
generated_cpu,baseline,1,pixel-art,rgi,decode,trusted_reused,3,329089,34300.0,9594.431486880467,15256,1316356,1.1589569994743063
generated_cpu,baseline,1,pixel-art,rgi,encode,allocated,3,329089,12152800.0,27.079273912184846,15256,1316356,1.1589569994743063
generated_cpu,baseline,1,pixel-art,rgi,encode,reused,3,329089,12127900.0,27.13487083501678,15256,1316356,1.1589569994743063
generated_cpu,baseline,1,synthetic,png_libpng,decode,allocated,6,1082052,8674731.25,124.73608332246604,928894,4328208,21.461399267318022
generated_cpu,baseline,1,synthetic,png_libpng,encode,allocated,6,1082052,58271025.0,18.569297519650632,928894,4328208,21.461399267318022
generated_cpu,baseline,1,synthetic,png_stb,decode,allocated,6,1082052,4816781.25,224.64213005313454,1089880,4328208,25.18086006957152
generated_cpu,baseline,1,synthetic,png_stb,encode,allocated,6,1082052,94346506.25,11.468914356327847,1089880,4328208,25.18086006957152
generated_cpu,baseline,1,synthetic,qoi,decode,allocated,6,1082052,4378503.125,247.128292274543,2531014,4328208,58.47718039428789
generated_cpu,baseline,1,synthetic,qoi,encode,allocated,6,1082052,6021012.5,179.71263138882372,2531014,4328208,58.47718039428789
generated_cpu,baseline,1,synthetic,rgi,decode,allocated,6,1082052,1724609.375,627.4186002265005,1459327,4328208,33.71665594629463
generated_cpu,baseline,1,synthetic,rgi,decode,reused,6,1082052,1232337.5,878.0484242344326,1459327,4328208,33.71665594629463
generated_cpu,baseline,1,synthetic,rgi,decode,trusted_reused,6,1082052,1115834.375,969.724561496862,1459327,4328208,33.71665594629463
generated_cpu,baseline,1,synthetic,rgi,encode,allocated,6,1082052,241671875.0,4.477360056895326,1459327,4328208,33.71665594629463
generated_cpu,baseline,1,synthetic,rgi,encode,reused,6,1082052,242179418.75,4.467976699196698,1459327,4328208,33.71665594629463
generated_cpu,baseline,2,ALL,png_libpng,decode,allocated,9,1411141,10007821.875,141.0038085834736,943289,5644564,16.711459025001755
generated_cpu,baseline,2,ALL,png_libpng,encode,allocated,9,1411141,67267806.25,20.977954814752117,943289,5644564,16.711459025001755
generated_cpu,baseline,2,ALL,png_stb,decode,allocated,9,1411141,5942581.25,237.4626346084877,1118061,5644564,19.807747772901504
generated_cpu,baseline,2,ALL,png_stb,encode,allocated,9,1411141,108749468.75,12.976072584262624,1118061,5644564,19.807747772901504
generated_cpu,baseline,2,ALL,qoi,decode,allocated,9,1411141,4803409.375,293.77904105872716,2712490,5644564,48.054907340938996
generated_cpu,baseline,2,ALL,qoi,encode,allocated,9,1411141,7430021.875,189.9242053039043,2712490,5644564,48.054907340938996
generated_cpu,baseline,2,ALL,rgi,decode,allocated,9,1411141,1968806.25,716.7495531873692,1474583,5644564,26.123948634473805
generated_cpu,baseline,2,ALL,rgi,decode,reused,9,1411141,1342934.375,1050.789246496129,1474583,5644564,26.123948634473805
generated_cpu,baseline,2,ALL,rgi,decode,trusted_reused,9,1411141,1150037.5,1227.039118289621,1474583,5644564,26.123948634473805
generated_cpu,baseline,2,ALL,rgi,encode,allocated,9,1411141,259162403.125,5.445006617411917,1474583,5644564,26.123948634473805
generated_cpu,baseline,2,ALL,rgi,encode,reused,9,1411141,256715034.375,5.496916078310616,1474583,5644564,26.123948634473805
generated_cpu,baseline,2,pixel-art,png_libpng,decode,allocated,3,329089,1417200.0,232.2106971493085,14395,1316356,1.0935491614730362
generated_cpu,baseline,2,pixel-art,png_libpng,encode,allocated,3,329089,8660900.0,37.99709037167038,14395,1316356,1.0935491614730362
generated_cpu,baseline,2,pixel-art,png_stb,decode,allocated,3,329089,1172200.0,280.7447534550418,28181,1316356,2.1408342424085887
generated_cpu,baseline,2,pixel-art,png_stb,encode,allocated,3,329089,13529200.0,24.32435029417852,28181,1316356,2.1408342424085887
generated_cpu,baseline,2,pixel-art,qoi,decode,allocated,3,329089,485800.0,677.4166323589955,181476,1316356,13.786240196421028
generated_cpu,baseline,2,pixel-art,qoi,encode,allocated,3,329089,1458600.0,225.61977238447827,181476,1316356,13.786240196421028
generated_cpu,baseline,2,pixel-art,rgi,decode,allocated,3,329089,237000.0,1388.5611814345991,15256,1316356,1.1589569994743063
generated_cpu,baseline,2,pixel-art,rgi,decode,reused,3,329089,74900.0,4393.7116154873165,15256,1316356,1.1589569994743063
generated_cpu,baseline,2,pixel-art,rgi,decode,trusted_reused,3,329089,38800.0,8481.675257731958,15256,1316356,1.1589569994743063
generated_cpu,baseline,2,pixel-art,rgi,encode,allocated,3,329089,11912300.0,27.6259832274204,15256,1316356,1.1589569994743063
generated_cpu,baseline,2,pixel-art,rgi,encode,reused,3,329089,11912200.0,27.62621514078004,15256,1316356,1.1589569994743063
generated_cpu,baseline,2,synthetic,png_libpng,decode,allocated,6,1082052,8590621.875,125.95735393137647,928894,4328208,21.461399267318022
generated_cpu,baseline,2,synthetic,png_libpng,encode,allocated,6,1082052,58606906.25,18.462875269072917,928894,4328208,21.461399267318022
generated_cpu,baseline,2,synthetic,png_stb,decode,allocated,6,1082052,4770381.25,226.82715349009055,1089880,4328208,25.18086006957152
generated_cpu,baseline,2,synthetic,png_stb,encode,allocated,6,1082052,95220268.75,11.363673031011057,1089880,4328208,25.18086006957152
generated_cpu,baseline,2,synthetic,qoi,decode,allocated,6,1082052,4317609.375,250.6136859590268,2531014,4328208,58.47718039428789
generated_cpu,baseline,2,synthetic,qoi,encode,allocated,6,1082052,5971421.875,181.20508358823668,2531014,4328208,58.47718039428789
generated_cpu,baseline,2,synthetic,rgi,decode,allocated,6,1082052,1731806.25,624.8112339356669,1459327,4328208,33.71665594629463
generated_cpu,baseline,2,synthetic,rgi,decode,reused,6,1082052,1268034.375,853.3301788447178,1459327,4328208,33.71665594629463
generated_cpu,baseline,2,synthetic,rgi,decode,trusted_reused,6,1082052,1111237.5,973.7360375257315,1459327,4328208,33.71665594629463
generated_cpu,baseline,2,synthetic,rgi,encode,allocated,6,1082052,247250103.125,4.376346000765698,1459327,4328208,33.71665594629463
generated_cpu,baseline,2,synthetic,rgi,encode,reused,6,1082052,244802834.375,4.420095881498104,1459327,4328208,33.71665594629463
generated_cpu,candidate,0,ALL,png_libpng,decode,allocated,9,1411141,9773687.5,144.38163692055838,943289,5644564,16.711459025001755
generated_cpu,candidate,0,ALL,png_libpng,encode,allocated,9,1411141,68515221.875,20.596021750823528,943289,5644564,16.711459025001755
generated_cpu,candidate,0,ALL,png_stb,decode,allocated,9,1411141,6157634.375,229.16933907755768,1118061,5644564,19.807747772901504
generated_cpu,candidate,0,ALL,png_stb,encode,allocated,9,1411141,109756728.125,12.856988579259363,1118061,5644564,19.807747772901504
generated_cpu,candidate,0,ALL,qoi,decode,allocated,9,1411141,4825393.75,292.44059098804115,2712490,5644564,48.054907340938996
generated_cpu,candidate,0,ALL,qoi,encode,allocated,9,1411141,7508709.375,187.93389509765117,2712490,5644564,48.054907340938996
generated_cpu,candidate,0,ALL,rgi,decode,allocated,9,1411141,1867696.875,755.5514060599368,1474583,5644564,26.123948634473805
generated_cpu,candidate,0,ALL,rgi,decode,reused,9,1411141,1260637.5,1119.3868181773112,1474583,5644564,26.123948634473805
generated_cpu,candidate,0,ALL,rgi,decode,trusted_reused,9,1411141,1141537.5,1236.175771711398,1474583,5644564,26.123948634473805
generated_cpu,candidate,0,ALL,rgi,encode,allocated,9,1411141,174334837.5,8.094429204375173,1474583,5644564,26.123948634473805
generated_cpu,candidate,0,ALL,rgi,encode,reused,9,1411141,173892825.0,8.115004169953533,1474583,5644564,26.123948634473805
generated_cpu,candidate,0,pixel-art,png_libpng,decode,allocated,3,329089,1379100.0,238.62591545210645,14395,1316356,1.0935491614730362
generated_cpu,candidate,0,pixel-art,png_libpng,encode,allocated,3,329089,8443600.0,38.97496328580227,14395,1316356,1.0935491614730362
generated_cpu,candidate,0,pixel-art,png_stb,decode,allocated,3,329089,1117600.0,294.46045096635646,28181,1316356,2.1408342424085887
generated_cpu,candidate,0,pixel-art,png_stb,encode,allocated,3,329089,14003300.0,23.500817664407677,28181,1316356,2.1408342424085887
generated_cpu,candidate,0,pixel-art,qoi,decode,allocated,3,329089,426500.0,771.6037514654162,181476,1316356,13.786240196421028
generated_cpu,candidate,0,pixel-art,qoi,encode,allocated,3,329089,1421600.0,231.49198086662915,181476,1316356,13.786240196421028
generated_cpu,candidate,0,pixel-art,rgi,decode,allocated,3,329089,134700.0,2443.1254639940607,15256,1316356,1.1589569994743063
generated_cpu,candidate,0,pixel-art,rgi,decode,reused,3,329089,68300.0,4818.286969253294,15256,1316356,1.1589569994743063
generated_cpu,candidate,0,pixel-art,rgi,decode,trusted_reused,3,329089,33200.0,9912.319277108434,15256,1316356,1.1589569994743063
generated_cpu,candidate,0,pixel-art,rgi,encode,allocated,3,329089,10334600.0,31.843419193776246,15256,1316356,1.1589569994743063
generated_cpu,candidate,0,pixel-art,rgi,encode,reused,3,329089,9483800.0,34.700120204981125,15256,1316356,1.1589569994743063
generated_cpu,candidate,0,synthetic,png_libpng,decode,allocated,6,1082052,8394587.5,128.89876959409858,928894,4328208,21.461399267318022
generated_cpu,candidate,0,synthetic,png_libpng,encode,allocated,6,1082052,60071621.875,18.012698279590108,928894,4328208,21.461399267318022
generated_cpu,candidate,0,synthetic,png_stb,decode,allocated,6,1082052,5040034.375,214.69139285384338,1089880,4328208,25.18086006957152
generated_cpu,candidate,0,synthetic,png_stb,encode,allocated,6,1082052,95753428.125,11.300399590784886,1089880,4328208,25.18086006957152
generated_cpu,candidate,0,synthetic,qoi,decode,allocated,6,1082052,4398893.75,245.98275418677707,2531014,4328208,58.47718039428789
generated_cpu,candidate,0,synthetic,qoi,encode,allocated,6,1082052,6087109.375,177.76122184431753,2531014,4328208,58.47718039428789
generated_cpu,candidate,0,synthetic,rgi,decode,allocated,6,1082052,1732996.875,624.3819683748709,1459327,4328208,33.71665594629463
generated_cpu,candidate,0,synthetic,rgi,decode,reused,6,1082052,1192337.5,907.5047962510615,1459327,4328208,33.71665594629463
generated_cpu,candidate,0,synthetic,rgi,decode,trusted_reused,6,1082052,1108337.5,976.2838485569603,1459327,4328208,33.71665594629463
generated_cpu,candidate,0,synthetic,rgi,encode,allocated,6,1082052,164000237.5,6.597868493940443,1459327,4328208,33.71665594629463
generated_cpu,candidate,0,synthetic,rgi,encode,reused,6,1082052,164409025.0,6.581463517589743,1459327,4328208,33.71665594629463
generated_cpu,candidate,1,ALL,png_libpng,decode,allocated,9,1411141,9756190.625,144.64057276453636,943289,5644564,16.711459025001755
generated_cpu,candidate,1,ALL,png_libpng,encode,allocated,9,1411141,66475896.875,21.227859515058253,943289,5644564,16.711459025001755
generated_cpu,candidate,1,ALL,png_stb,decode,allocated,9,1411141,5819381.25,242.4898695200628,1118061,5644564,19.807747772901504
generated_cpu,candidate,1,ALL,png_stb,encode,allocated,9,1411141,108336965.625,13.025480193755426,1118061,5644564,19.807747772901504
generated_cpu,candidate,1,ALL,qoi,decode,allocated,9,1411141,4636071.875,304.38289958565406,2712490,5644564,48.054907340938996
generated_cpu,candidate,1,ALL,qoi,encode,allocated,9,1411141,7515578.125,187.7621357305763,2712490,5644564,48.054907340938996
generated_cpu,candidate,1,ALL,rgi,decode,allocated,9,1411141,1924000.0,733.4412681912681,1474583,5644564,26.123948634473805
generated_cpu,candidate,1,ALL,rgi,decode,reused,9,1411141,1296240.625,1088.641238967495,1474583,5644564,26.123948634473805
generated_cpu,candidate,1,ALL,rgi,decode,trusted_reused,9,1411141,1192003.125,1183.8400171979415,1474583,5644564,26.123948634473805
generated_cpu,candidate,1,ALL,rgi,encode,allocated,9,1411141,171650703.125,8.221003318421449,1474583,5644564,26.123948634473805
generated_cpu,candidate,1,ALL,rgi,encode,reused,9,1411141,170674384.375,8.268030408707897,1474583,5644564,26.123948634473805
generated_cpu,candidate,1,pixel-art,png_libpng,decode,allocated,3,329089,1393800.0,236.10919787630937,14395,1316356,1.0935491614730362
generated_cpu,candidate,1,pixel-art,png_libpng,encode,allocated,3,329089,8447100.0,38.95881426761847,14395,1316356,1.0935491614730362
generated_cpu,candidate,1,pixel-art,png_stb,decode,allocated,3,329089,1171100.0,281.0084535906413,28181,1316356,2.1408342424085887
generated_cpu,candidate,1,pixel-art,png_stb,encode,allocated,3,329089,13933600.0,23.61837572486651,28181,1316356,2.1408342424085887
generated_cpu,candidate,1,pixel-art,qoi,decode,allocated,3,329089,414900.0,793.176669076886,181476,1316356,13.786240196421028
generated_cpu,candidate,1,pixel-art,qoi,encode,allocated,3,329089,1467800.0,224.20561384384794,181476,1316356,13.786240196421028
generated_cpu,candidate,1,pixel-art,rgi,decode,allocated,3,329089,249900.0,1316.8827531012405,15256,1316356,1.1589569994743063
generated_cpu,candidate,1,pixel-art,rgi,decode,reused,3,329089,68600.0,4797.215743440233,15256,1316356,1.1589569994743063
generated_cpu,candidate,1,pixel-art,rgi,decode,trusted_reused,3,329089,34200.0,9622.48538011696,15256,1316356,1.1589569994743063
generated_cpu,candidate,1,pixel-art,rgi,encode,allocated,3,329089,10226100.0,32.18128123135897,15256,1316356,1.1589569994743063
generated_cpu,candidate,1,pixel-art,rgi,encode,reused,3,329089,9460900.0,34.78411144817089,15256,1316356,1.1589569994743063
generated_cpu,candidate,1,synthetic,png_libpng,decode,allocated,6,1082052,8362390.625,129.39505561545087,928894,4328208,21.461399267318022
generated_cpu,candidate,1,synthetic,png_libpng,encode,allocated,6,1082052,58028796.875,18.646810864110304,928894,4328208,21.461399267318022
generated_cpu,candidate,1,synthetic,png_stb,decode,allocated,6,1082052,4648281.25,232.78539782849845,1089880,4328208,25.18086006957152
generated_cpu,candidate,1,synthetic,png_stb,encode,allocated,6,1082052,94403365.625,11.46200660152576,1089880,4328208,25.18086006957152
generated_cpu,candidate,1,synthetic,qoi,decode,allocated,6,1082052,4221171.875,256.3392422868353,2531014,4328208,58.47718039428789
generated_cpu,candidate,1,synthetic,qoi,encode,allocated,6,1082052,6047778.125,178.91727798793875,2531014,4328208,58.47718039428789
generated_cpu,candidate,1,synthetic,rgi,decode,allocated,6,1082052,1674100.0,646.3484857535392,1459327,4328208,33.71665594629463
generated_cpu,candidate,1,synthetic,rgi,decode,reused,6,1082052,1227640.625,881.4077816950705,1459327,4328208,33.71665594629463
generated_cpu,candidate,1,synthetic,rgi,decode,trusted_reused,6,1082052,1157803.125,934.5733973554442,1459327,4328208,33.71665594629463
generated_cpu,candidate,1,synthetic,rgi,encode,allocated,6,1082052,161424603.125,6.703141770539818,1459327,4328208,33.71665594629463
generated_cpu,candidate,1,synthetic,rgi,encode,reused,6,1082052,161213484.375,6.711919937683563,1459327,4328208,33.71665594629463
generated_cpu,candidate,2,ALL,png_libpng,decode,allocated,9,1411141,9981775.0,141.37175001440124,943289,5644564,16.711459025001755
generated_cpu,candidate,2,ALL,png_libpng,encode,allocated,9,1411141,68010825.0,20.748770508224244,943289,5644564,16.711459025001755
generated_cpu,candidate,2,ALL,png_stb,decode,allocated,9,1411141,6167212.5,228.8134225957027,1118061,5644564,19.807747772901504
generated_cpu,candidate,2,ALL,png_stb,encode,allocated,9,1411141,110670809.375,12.750796781637796,1118061,5644564,19.807747772901504
generated_cpu,candidate,2,ALL,qoi,decode,allocated,9,1411141,4894428.125,288.31580809044976,2712490,5644564,48.054907340938996
generated_cpu,candidate,2,ALL,qoi,encode,allocated,9,1411141,7592650.0,185.8561898678327,2712490,5644564,48.054907340938996
generated_cpu,candidate,2,ALL,rgi,decode,allocated,9,1411141,1984109.375,711.2213760897127,1474583,5644564,26.123948634473805
generated_cpu,candidate,2,ALL,rgi,decode,reused,9,1411141,1306246.875,1080.3019145978817,1474583,5644564,26.123948634473805
generated_cpu,candidate,2,ALL,rgi,decode,trusted_reused,9,1411141,1189943.75,1185.8888287786713,1474583,5644564,26.123948634473805
generated_cpu,candidate,2,ALL,rgi,encode,allocated,9,1411141,175345309.375,8.047783000468415,1474583,5644564,26.123948634473805
generated_cpu,candidate,2,ALL,rgi,encode,reused,9,1411141,181674165.625,7.767427994758404,1474583,5644564,26.123948634473805
generated_cpu,candidate,2,pixel-art,png_libpng,decode,allocated,3,329089,1503000.0,218.95475715236194,14395,1316356,1.0935491614730362
generated_cpu,candidate,2,pixel-art,png_libpng,encode,allocated,3,329089,9437700.0,34.86961865708806,14395,1316356,1.0935491614730362
generated_cpu,candidate,2,pixel-art,png_stb,decode,allocated,3,329089,1199600.0,274.3322774258086,28181,1316356,2.1408342424085887
generated_cpu,candidate,2,pixel-art,png_stb,encode,allocated,3,329089,14980600.0,21.967678197134962,28181,1316356,2.1408342424085887
generated_cpu,candidate,2,pixel-art,qoi,decode,allocated,3,329089,450100.0,731.1464119084648,181476,1316356,13.786240196421028
generated_cpu,candidate,2,pixel-art,qoi,encode,allocated,3,329089,1503800.0,218.8382763665381,181476,1316356,13.786240196421028
generated_cpu,candidate,2,pixel-art,rgi,decode,allocated,3,329089,192300.0,1711.33125325013,15256,1316356,1.1589569994743063
generated_cpu,candidate,2,pixel-art,rgi,decode,reused,3,329089,94900.0,3467.744994731296,15256,1316356,1.1589569994743063
generated_cpu,candidate,2,pixel-art,rgi,decode,trusted_reused,3,329089,56100.0,5866.114081996435,15256,1316356,1.1589569994743063
generated_cpu,candidate,2,pixel-art,rgi,encode,allocated,3,329089,11391600.0,28.88874258225359,15256,1316356,1.1589569994743063
generated_cpu,candidate,2,pixel-art,rgi,encode,reused,3,329089,10353800.0,31.78436902393324,15256,1316356,1.1589569994743063
generated_cpu,candidate,2,synthetic,png_libpng,decode,allocated,6,1082052,8478775.0,127.6189072124216,928894,4328208,21.461399267318022
generated_cpu,candidate,2,synthetic,png_libpng,encode,allocated,6,1082052,58573125.0,18.473523480265055,928894,4328208,21.461399267318022
generated_cpu,candidate,2,synthetic,png_stb,decode,allocated,6,1082052,4967612.5,217.82133771504922,1089880,4328208,25.18086006957152
generated_cpu,candidate,2,synthetic,png_stb,encode,allocated,6,1082052,95690209.375,11.307865319424169,1089880,4328208,25.18086006957152
generated_cpu,candidate,2,synthetic,qoi,decode,allocated,6,1082052,4444328.125,243.46807201594729,2531014,4328208,58.47718039428789
generated_cpu,candidate,2,synthetic,qoi,encode,allocated,6,1082052,6088850.0,177.710405084704,2531014,4328208,58.47718039428789
generated_cpu,candidate,2,synthetic,rgi,decode,allocated,6,1082052,1791809.375,603.8878996265995,1459327,4328208,33.71665594629463
generated_cpu,candidate,2,synthetic,rgi,decode,reused,6,1082052,1211346.875,893.263541873586,1459327,4328208,33.71665594629463
generated_cpu,candidate,2,synthetic,rgi,decode,trusted_reused,6,1082052,1133843.75,954.3219689661825,1459327,4328208,33.71665594629463
generated_cpu,candidate,2,synthetic,rgi,encode,allocated,6,1082052,163953709.375,6.599740891040758,1459327,4328208,33.71665594629463
generated_cpu,candidate,2,synthetic,rgi,encode,reused,6,1082052,171320365.625,6.315956635117647,1459327,4328208,33.71665594629463
generated_pixel_art_cpu,baseline,0,ALL,png_libpng,decode,allocated,3,329089,1331600.0,247.13802943826974,14395,1316356,1.0935491614730362
generated_pixel_art_cpu,baseline,0,ALL,png_libpng,encode,allocated,3,329089,8152500.0,40.36663600122662,14395,1316356,1.0935491614730362
generated_pixel_art_cpu,baseline,0,ALL,png_stb,decode,allocated,3,329089,1100000.0,299.1718181818182,28181,1316356,2.1408342424085887
generated_pixel_art_cpu,baseline,0,ALL,png_stb,encode,allocated,3,329089,13313500.0,24.71844368498141,28181,1316356,2.1408342424085887
generated_pixel_art_cpu,baseline,0,ALL,qoi,decode,allocated,3,329089,432700.0,760.547723596025,181476,1316356,13.786240196421028
generated_pixel_art_cpu,baseline,0,ALL,qoi,encode,allocated,3,329089,1468200.0,224.14453071788586,181476,1316356,13.786240196421028
generated_pixel_art_cpu,baseline,0,ALL,rgi,decode,allocated,3,329089,240000.0,1371.2041666666667,15256,1316356,1.1589569994743063
generated_pixel_art_cpu,baseline,0,ALL,rgi,decode,reused,3,329089,73000.0,4508.068493150685,15256,1316356,1.1589569994743063
generated_pixel_art_cpu,baseline,0,ALL,rgi,decode,trusted_reused,3,329089,34200.0,9622.48538011696,15256,1316356,1.1589569994743063
generated_pixel_art_cpu,baseline,0,ALL,rgi,encode,allocated,3,329089,11860600.0,27.74640406050284,15256,1316356,1.1589569994743063
generated_pixel_art_cpu,baseline,0,ALL,rgi,encode,reused,3,329089,11692600.0,28.14506611018935,15256,1316356,1.1589569994743063
generated_pixel_art_cpu,baseline,0,pixel-art,png_libpng,decode,allocated,3,329089,1331600.0,247.13802943826974,14395,1316356,1.0935491614730362
generated_pixel_art_cpu,baseline,0,pixel-art,png_libpng,encode,allocated,3,329089,8152500.0,40.36663600122662,14395,1316356,1.0935491614730362
generated_pixel_art_cpu,baseline,0,pixel-art,png_stb,decode,allocated,3,329089,1100000.0,299.1718181818182,28181,1316356,2.1408342424085887
generated_pixel_art_cpu,baseline,0,pixel-art,png_stb,encode,allocated,3,329089,13313500.0,24.71844368498141,28181,1316356,2.1408342424085887
generated_pixel_art_cpu,baseline,0,pixel-art,qoi,decode,allocated,3,329089,432700.0,760.547723596025,181476,1316356,13.786240196421028
generated_pixel_art_cpu,baseline,0,pixel-art,qoi,encode,allocated,3,329089,1468200.0,224.14453071788586,181476,1316356,13.786240196421028
generated_pixel_art_cpu,baseline,0,pixel-art,rgi,decode,allocated,3,329089,240000.0,1371.2041666666667,15256,1316356,1.1589569994743063
generated_pixel_art_cpu,baseline,0,pixel-art,rgi,decode,reused,3,329089,73000.0,4508.068493150685,15256,1316356,1.1589569994743063
generated_pixel_art_cpu,baseline,0,pixel-art,rgi,decode,trusted_reused,3,329089,34200.0,9622.48538011696,15256,1316356,1.1589569994743063
generated_pixel_art_cpu,baseline,0,pixel-art,rgi,encode,allocated,3,329089,11860600.0,27.74640406050284,15256,1316356,1.1589569994743063
generated_pixel_art_cpu,baseline,0,pixel-art,rgi,encode,reused,3,329089,11692600.0,28.14506611018935,15256,1316356,1.1589569994743063
generated_pixel_art_cpu,baseline,1,ALL,png_libpng,decode,allocated,3,329089,1384700.0,237.66086516935076,14395,1316356,1.0935491614730362
generated_pixel_art_cpu,baseline,1,ALL,png_libpng,encode,allocated,3,329089,8284400.0,39.723938969629664,14395,1316356,1.0935491614730362
generated_pixel_art_cpu,baseline,1,ALL,png_stb,decode,allocated,3,329089,1105200.0,297.76420557365185,28181,1316356,2.1408342424085887
generated_pixel_art_cpu,baseline,1,ALL,png_stb,encode,allocated,3,329089,13483600.0,24.406612477379927,28181,1316356,2.1408342424085887
generated_pixel_art_cpu,baseline,1,ALL,qoi,decode,allocated,3,329089,415800.0,791.4598364598364,181476,1316356,13.786240196421028
generated_pixel_art_cpu,baseline,1,ALL,qoi,encode,allocated,3,329089,1445600.0,227.64872717210847,181476,1316356,13.786240196421028
generated_pixel_art_cpu,baseline,1,ALL,rgi,decode,allocated,3,329089,233800.0,1407.5662959794697,15256,1316356,1.1589569994743063
generated_pixel_art_cpu,baseline,1,ALL,rgi,decode,reused,3,329089,76800.0,4285.013020833333,15256,1316356,1.1589569994743063
generated_pixel_art_cpu,baseline,1,ALL,rgi,decode,trusted_reused,3,329089,35600.0,9244.073033707866,15256,1316356,1.1589569994743063
generated_pixel_art_cpu,baseline,1,ALL,rgi,encode,allocated,3,329089,11893000.0,27.670814764987806,15256,1316356,1.1589569994743063
generated_pixel_art_cpu,baseline,1,ALL,rgi,encode,reused,3,329089,11759900.0,27.983996462554952,15256,1316356,1.1589569994743063
generated_pixel_art_cpu,baseline,1,pixel-art,png_libpng,decode,allocated,3,329089,1384700.0,237.66086516935076,14395,1316356,1.0935491614730362
generated_pixel_art_cpu,baseline,1,pixel-art,png_libpng,encode,allocated,3,329089,8284400.0,39.723938969629664,14395,1316356,1.0935491614730362
generated_pixel_art_cpu,baseline,1,pixel-art,png_stb,decode,allocated,3,329089,1105200.0,297.76420557365185,28181,1316356,2.1408342424085887
generated_pixel_art_cpu,baseline,1,pixel-art,png_stb,encode,allocated,3,329089,13483600.0,24.406612477379927,28181,1316356,2.1408342424085887
generated_pixel_art_cpu,baseline,1,pixel-art,qoi,decode,allocated,3,329089,415800.0,791.4598364598364,181476,1316356,13.786240196421028
generated_pixel_art_cpu,baseline,1,pixel-art,qoi,encode,allocated,3,329089,1445600.0,227.64872717210847,181476,1316356,13.786240196421028
generated_pixel_art_cpu,baseline,1,pixel-art,rgi,decode,allocated,3,329089,233800.0,1407.5662959794697,15256,1316356,1.1589569994743063
generated_pixel_art_cpu,baseline,1,pixel-art,rgi,decode,reused,3,329089,76800.0,4285.013020833333,15256,1316356,1.1589569994743063
generated_pixel_art_cpu,baseline,1,pixel-art,rgi,decode,trusted_reused,3,329089,35600.0,9244.073033707866,15256,1316356,1.1589569994743063
generated_pixel_art_cpu,baseline,1,pixel-art,rgi,encode,allocated,3,329089,11893000.0,27.670814764987806,15256,1316356,1.1589569994743063
generated_pixel_art_cpu,baseline,1,pixel-art,rgi,encode,reused,3,329089,11759900.0,27.983996462554952,15256,1316356,1.1589569994743063
generated_pixel_art_cpu,baseline,2,ALL,png_libpng,decode,allocated,3,329089,1360400.0,241.90605704204646,14395,1316356,1.0935491614730362
generated_pixel_art_cpu,baseline,2,ALL,png_libpng,encode,allocated,3,329089,8396800.0,39.19219226371951,14395,1316356,1.0935491614730362
generated_pixel_art_cpu,baseline,2,ALL,png_stb,decode,allocated,3,329089,1123800.0,292.8359138636768,28181,1316356,2.1408342424085887
generated_pixel_art_cpu,baseline,2,ALL,png_stb,encode,allocated,3,329089,14041500.0,23.436883523840045,28181,1316356,2.1408342424085887
generated_pixel_art_cpu,baseline,2,ALL,qoi,decode,allocated,3,329089,411100.0,800.508392118706,181476,1316356,13.786240196421028
generated_pixel_art_cpu,baseline,2,ALL,qoi,encode,allocated,3,329089,1458900.0,225.5733772020015,181476,1316356,13.786240196421028
generated_pixel_art_cpu,baseline,2,ALL,rgi,decode,allocated,3,329089,234200.0,1405.1622544833476,15256,1316356,1.1589569994743063
generated_pixel_art_cpu,baseline,2,ALL,rgi,decode,reused,3,329089,65900.0,4993.763277693475,15256,1316356,1.1589569994743063
generated_pixel_art_cpu,baseline,2,ALL,rgi,decode,trusted_reused,3,329089,44600.0,7378.677130044843,15256,1316356,1.1589569994743063
generated_pixel_art_cpu,baseline,2,ALL,rgi,encode,allocated,3,329089,12058600.0,27.290813195561675,15256,1316356,1.1589569994743063
generated_pixel_art_cpu,baseline,2,ALL,rgi,encode,reused,3,329089,11860700.0,27.746170124866154,15256,1316356,1.1589569994743063
generated_pixel_art_cpu,baseline,2,pixel-art,png_libpng,decode,allocated,3,329089,1360400.0,241.90605704204646,14395,1316356,1.0935491614730362
generated_pixel_art_cpu,baseline,2,pixel-art,png_libpng,encode,allocated,3,329089,8396800.0,39.19219226371951,14395,1316356,1.0935491614730362
generated_pixel_art_cpu,baseline,2,pixel-art,png_stb,decode,allocated,3,329089,1123800.0,292.8359138636768,28181,1316356,2.1408342424085887
generated_pixel_art_cpu,baseline,2,pixel-art,png_stb,encode,allocated,3,329089,14041500.0,23.436883523840045,28181,1316356,2.1408342424085887
generated_pixel_art_cpu,baseline,2,pixel-art,qoi,decode,allocated,3,329089,411100.0,800.508392118706,181476,1316356,13.786240196421028
generated_pixel_art_cpu,baseline,2,pixel-art,qoi,encode,allocated,3,329089,1458900.0,225.5733772020015,181476,1316356,13.786240196421028
generated_pixel_art_cpu,baseline,2,pixel-art,rgi,decode,allocated,3,329089,234200.0,1405.1622544833476,15256,1316356,1.1589569994743063
generated_pixel_art_cpu,baseline,2,pixel-art,rgi,decode,reused,3,329089,65900.0,4993.763277693475,15256,1316356,1.1589569994743063
generated_pixel_art_cpu,baseline,2,pixel-art,rgi,decode,trusted_reused,3,329089,44600.0,7378.677130044843,15256,1316356,1.1589569994743063
generated_pixel_art_cpu,baseline,2,pixel-art,rgi,encode,allocated,3,329089,12058600.0,27.290813195561675,15256,1316356,1.1589569994743063
generated_pixel_art_cpu,baseline,2,pixel-art,rgi,encode,reused,3,329089,11860700.0,27.746170124866154,15256,1316356,1.1589569994743063
generated_pixel_art_cpu,candidate,0,ALL,png_libpng,decode,allocated,3,329089,1430700.0,230.01957083944922,14395,1316356,1.0935491614730362
generated_pixel_art_cpu,candidate,0,ALL,png_libpng,encode,allocated,3,329089,8487200.0,38.77474314261476,14395,1316356,1.0935491614730362
generated_pixel_art_cpu,candidate,0,ALL,png_stb,decode,allocated,3,329089,1122400.0,293.2011760513186,28181,1316356,2.1408342424085887
generated_pixel_art_cpu,candidate,0,ALL,png_stb,encode,allocated,3,329089,13937200.0,23.612275062422867,28181,1316356,2.1408342424085887
generated_pixel_art_cpu,candidate,0,ALL,qoi,decode,allocated,3,329089,429300.0,766.5711623573259,181476,1316356,13.786240196421028
generated_pixel_art_cpu,candidate,0,ALL,qoi,encode,allocated,3,329089,1465700.0,224.52684724022652,181476,1316356,13.786240196421028
generated_pixel_art_cpu,candidate,0,ALL,rgi,decode,allocated,3,329089,225700.0,1458.081524147098,15256,1316356,1.1589569994743063
generated_pixel_art_cpu,candidate,0,ALL,rgi,decode,reused,3,329089,77000.0,4273.883116883117,15256,1316356,1.1589569994743063
generated_pixel_art_cpu,candidate,0,ALL,rgi,decode,trusted_reused,3,329089,35900.0,9166.824512534818,15256,1316356,1.1589569994743063
generated_pixel_art_cpu,candidate,0,ALL,rgi,encode,allocated,3,329089,10098400.0,32.58823179909689,15256,1316356,1.1589569994743063
generated_pixel_art_cpu,candidate,0,ALL,rgi,encode,reused,3,329089,9479100.0,34.71732548448692,15256,1316356,1.1589569994743063
generated_pixel_art_cpu,candidate,0,pixel-art,png_libpng,decode,allocated,3,329089,1430700.0,230.01957083944922,14395,1316356,1.0935491614730362
generated_pixel_art_cpu,candidate,0,pixel-art,png_libpng,encode,allocated,3,329089,8487200.0,38.77474314261476,14395,1316356,1.0935491614730362
generated_pixel_art_cpu,candidate,0,pixel-art,png_stb,decode,allocated,3,329089,1122400.0,293.2011760513186,28181,1316356,2.1408342424085887
generated_pixel_art_cpu,candidate,0,pixel-art,png_stb,encode,allocated,3,329089,13937200.0,23.612275062422867,28181,1316356,2.1408342424085887
generated_pixel_art_cpu,candidate,0,pixel-art,qoi,decode,allocated,3,329089,429300.0,766.5711623573259,181476,1316356,13.786240196421028
generated_pixel_art_cpu,candidate,0,pixel-art,qoi,encode,allocated,3,329089,1465700.0,224.52684724022652,181476,1316356,13.786240196421028
generated_pixel_art_cpu,candidate,0,pixel-art,rgi,decode,allocated,3,329089,225700.0,1458.081524147098,15256,1316356,1.1589569994743063
generated_pixel_art_cpu,candidate,0,pixel-art,rgi,decode,reused,3,329089,77000.0,4273.883116883117,15256,1316356,1.1589569994743063
generated_pixel_art_cpu,candidate,0,pixel-art,rgi,decode,trusted_reused,3,329089,35900.0,9166.824512534818,15256,1316356,1.1589569994743063
generated_pixel_art_cpu,candidate,0,pixel-art,rgi,encode,allocated,3,329089,10098400.0,32.58823179909689,15256,1316356,1.1589569994743063
generated_pixel_art_cpu,candidate,0,pixel-art,rgi,encode,reused,3,329089,9479100.0,34.71732548448692,15256,1316356,1.1589569994743063
generated_pixel_art_cpu,candidate,1,ALL,png_libpng,decode,allocated,3,329089,1462200.0,225.0642866912871,14395,1316356,1.0935491614730362
generated_pixel_art_cpu,candidate,1,ALL,png_libpng,encode,allocated,3,329089,8555900.0,38.46339952547365,14395,1316356,1.0935491614730362
generated_pixel_art_cpu,candidate,1,ALL,png_stb,decode,allocated,3,329089,1151000.0,285.91572545612513,28181,1316356,2.1408342424085887
generated_pixel_art_cpu,candidate,1,ALL,png_stb,encode,allocated,3,329089,14677700.0,22.42101964204201,28181,1316356,2.1408342424085887
generated_pixel_art_cpu,candidate,1,ALL,qoi,decode,allocated,3,329089,389200.0,845.5524152106885,181476,1316356,13.786240196421028
generated_pixel_art_cpu,candidate,1,ALL,qoi,encode,allocated,3,329089,1477300.0,222.76382589859878,181476,1316356,13.786240196421028
generated_pixel_art_cpu,candidate,1,ALL,rgi,decode,allocated,3,329089,229500.0,1433.9389978213508,15256,1316356,1.1589569994743063
generated_pixel_art_cpu,candidate,1,ALL,rgi,decode,reused,3,329089,71100.0,4628.537271448664,15256,1316356,1.1589569994743063
generated_pixel_art_cpu,candidate,1,ALL,rgi,decode,trusted_reused,3,329089,40200.0,8186.293532338308,15256,1316356,1.1589569994743063
generated_pixel_art_cpu,candidate,1,ALL,rgi,encode,allocated,3,329089,10250000.0,32.106243902439026,15256,1316356,1.1589569994743063
generated_pixel_art_cpu,candidate,1,ALL,rgi,encode,reused,3,329089,9438100.0,34.86814083343046,15256,1316356,1.1589569994743063
generated_pixel_art_cpu,candidate,1,pixel-art,png_libpng,decode,allocated,3,329089,1462200.0,225.0642866912871,14395,1316356,1.0935491614730362
generated_pixel_art_cpu,candidate,1,pixel-art,png_libpng,encode,allocated,3,329089,8555900.0,38.46339952547365,14395,1316356,1.0935491614730362
generated_pixel_art_cpu,candidate,1,pixel-art,png_stb,decode,allocated,3,329089,1151000.0,285.91572545612513,28181,1316356,2.1408342424085887
generated_pixel_art_cpu,candidate,1,pixel-art,png_stb,encode,allocated,3,329089,14677700.0,22.42101964204201,28181,1316356,2.1408342424085887
generated_pixel_art_cpu,candidate,1,pixel-art,qoi,decode,allocated,3,329089,389200.0,845.5524152106885,181476,1316356,13.786240196421028
generated_pixel_art_cpu,candidate,1,pixel-art,qoi,encode,allocated,3,329089,1477300.0,222.76382589859878,181476,1316356,13.786240196421028
generated_pixel_art_cpu,candidate,1,pixel-art,rgi,decode,allocated,3,329089,229500.0,1433.9389978213508,15256,1316356,1.1589569994743063
generated_pixel_art_cpu,candidate,1,pixel-art,rgi,decode,reused,3,329089,71100.0,4628.537271448664,15256,1316356,1.1589569994743063
generated_pixel_art_cpu,candidate,1,pixel-art,rgi,decode,trusted_reused,3,329089,40200.0,8186.293532338308,15256,1316356,1.1589569994743063
generated_pixel_art_cpu,candidate,1,pixel-art,rgi,encode,allocated,3,329089,10250000.0,32.106243902439026,15256,1316356,1.1589569994743063
generated_pixel_art_cpu,candidate,1,pixel-art,rgi,encode,reused,3,329089,9438100.0,34.86814083343046,15256,1316356,1.1589569994743063
generated_pixel_art_cpu,candidate,2,ALL,png_libpng,decode,allocated,3,329089,1414400.0,232.6703902714932,14395,1316356,1.0935491614730362
generated_pixel_art_cpu,candidate,2,ALL,png_libpng,encode,allocated,3,329089,8424700.0,39.06239984806581,14395,1316356,1.0935491614730362
generated_pixel_art_cpu,candidate,2,ALL,png_stb,decode,allocated,3,329089,1116200.0,294.829779609389,28181,1316356,2.1408342424085887
generated_pixel_art_cpu,candidate,2,ALL,png_stb,encode,allocated,3,329089,13625200.0,24.152966561958724,28181,1316356,2.1408342424085887
generated_pixel_art_cpu,candidate,2,ALL,qoi,decode,allocated,3,329089,420000.0,783.5452380952381,181476,1316356,13.786240196421028
generated_pixel_art_cpu,candidate,2,ALL,qoi,encode,allocated,3,329089,1453900.0,226.34912992640483,181476,1316356,13.786240196421028
generated_pixel_art_cpu,candidate,2,ALL,rgi,decode,allocated,3,329089,239100.0,1376.3655374320367,15256,1316356,1.1589569994743063
generated_pixel_art_cpu,candidate,2,ALL,rgi,decode,reused,3,329089,75900.0,4335.823451910408,15256,1316356,1.1589569994743063
generated_pixel_art_cpu,candidate,2,ALL,rgi,decode,trusted_reused,3,329089,38900.0,8459.87146529563,15256,1316356,1.1589569994743063
generated_pixel_art_cpu,candidate,2,ALL,rgi,encode,allocated,3,329089,10044900.0,32.761799520154504,15256,1316356,1.1589569994743063
generated_pixel_art_cpu,candidate,2,ALL,rgi,encode,reused,3,329089,9288000.0,35.43163221360896,15256,1316356,1.1589569994743063
generated_pixel_art_cpu,candidate,2,pixel-art,png_libpng,decode,allocated,3,329089,1414400.0,232.6703902714932,14395,1316356,1.0935491614730362
generated_pixel_art_cpu,candidate,2,pixel-art,png_libpng,encode,allocated,3,329089,8424700.0,39.06239984806581,14395,1316356,1.0935491614730362
generated_pixel_art_cpu,candidate,2,pixel-art,png_stb,decode,allocated,3,329089,1116200.0,294.829779609389,28181,1316356,2.1408342424085887
generated_pixel_art_cpu,candidate,2,pixel-art,png_stb,encode,allocated,3,329089,13625200.0,24.152966561958724,28181,1316356,2.1408342424085887
generated_pixel_art_cpu,candidate,2,pixel-art,qoi,decode,allocated,3,329089,420000.0,783.5452380952381,181476,1316356,13.786240196421028
generated_pixel_art_cpu,candidate,2,pixel-art,qoi,encode,allocated,3,329089,1453900.0,226.34912992640483,181476,1316356,13.786240196421028
generated_pixel_art_cpu,candidate,2,pixel-art,rgi,decode,allocated,3,329089,239100.0,1376.3655374320367,15256,1316356,1.1589569994743063
generated_pixel_art_cpu,candidate,2,pixel-art,rgi,decode,reused,3,329089,75900.0,4335.823451910408,15256,1316356,1.1589569994743063
generated_pixel_art_cpu,candidate,2,pixel-art,rgi,decode,trusted_reused,3,329089,38900.0,8459.87146529563,15256,1316356,1.1589569994743063
generated_pixel_art_cpu,candidate,2,pixel-art,rgi,encode,allocated,3,329089,10044900.0,32.761799520154504,15256,1316356,1.1589569994743063
generated_pixel_art_cpu,candidate,2,pixel-art,rgi,encode,reused,3,329089,9288000.0,35.43163221360896,15256,1316356,1.1589569994743063
encoder_stages,baseline,0,ALL,rgi,emit_profile1,profile_unbounded,3,329089,5551700.0,59.27715834789344,15190,1316356,1.153943158233791
encoder_stages,baseline,0,ALL,rgi,encode_profile0,profile_unbounded,3,329089,577600.0,569.7524238227147,181410,1316356,13.781226355180513
encoder_stages,baseline,0,ALL,rgi,estimate_profile1,profile_unbounded,3,329089,5533900.0,59.46782558412693,15190,1316356,1.153943158233791
encoder_stages,baseline,0,pixel-art,rgi,emit_profile1,profile_unbounded,3,329089,5551700.0,59.27715834789344,15190,1316356,1.153943158233791
encoder_stages,baseline,0,pixel-art,rgi,encode_profile0,profile_unbounded,3,329089,577600.0,569.7524238227147,181410,1316356,13.781226355180513
encoder_stages,baseline,0,pixel-art,rgi,estimate_profile1,profile_unbounded,3,329089,5533900.0,59.46782558412693,15190,1316356,1.153943158233791
encoder_stages,candidate,0,ALL,rgi,emit_profile1,profile_unbounded,3,329089,4284600.0,76.80740325818046,15190,1316356,1.153943158233791
encoder_stages,candidate,0,ALL,rgi,encode_profile0,profile_unbounded,3,329089,597400.0,550.8687646468028,181410,1316356,13.781226355180513
encoder_stages,candidate,0,ALL,rgi,estimate_profile1,profile_unbounded,3,329089,4387900.0,74.99920235192234,15190,1316356,1.153943158233791
encoder_stages,candidate,0,pixel-art,rgi,emit_profile1,profile_unbounded,3,329089,4284600.0,76.80740325818046,15190,1316356,1.153943158233791
encoder_stages,candidate,0,pixel-art,rgi,encode_profile0,profile_unbounded,3,329089,597400.0,550.8687646468028,181410,1316356,13.781226355180513
encoder_stages,candidate,0,pixel-art,rgi,estimate_profile1,profile_unbounded,3,329089,4387900.0,74.99920235192234,15190,1316356,1.153943158233791
