experiment,variant,trial,category,codec,operation,mode,images,total_pixels,total_ns,mpps,encoded_bytes,raw_bytes,size_percent
phase2-scenes-d3d12,candidate,0,ALL,png_libpng,gpu_scene_batch,staged_premultiplied,16,8855290,77067300.0,114.90333773208611,993672,35421160,2.8053062067984222
phase2-scenes-d3d12,candidate,0,ALL,png_libpng,gpu_scene_batch,staged_rgba,16,8855290,64484500.0,137.3243182470206,993672,35421160,2.8053062067984222
phase2-scenes-d3d12,candidate,0,ALL,png_libpng,gpu_scene_single,staged_premultiplied,16,8855290,79997700.0,110.69430746133952,993672,35421160,2.8053062067984222
phase2-scenes-d3d12,candidate,0,ALL,png_libpng,gpu_scene_single,staged_rgba,16,8855290,66905100.0,132.35597884167277,993672,35421160,2.8053062067984222
phase2-scenes-d3d12,candidate,0,ALL,png_stb,gpu_scene_batch,staged_premultiplied,16,8855290,69076300.0,128.19577771247157,1377810,35421160,3.889793558426658
phase2-scenes-d3d12,candidate,0,ALL,png_stb,gpu_scene_batch,staged_rgba,16,8855290,57091200.0,155.10779244436972,1377810,35421160,3.889793558426658
phase2-scenes-d3d12,candidate,0,ALL,png_stb,gpu_scene_single,staged_premultiplied,16,8855290,70584500.0,125.4565804107134,1377810,35421160,3.889793558426658
phase2-scenes-d3d12,candidate,0,ALL,png_stb,gpu_scene_single,staged_rgba,16,8855290,58972100.0,150.1606691978071,1377810,35421160,3.889793558426658
phase2-scenes-d3d12,candidate,0,ALL,qoi,gpu_scene_batch,staged_premultiplied,16,8855290,40320800.0,219.62089045852264,1941614,35421160,5.481508793049127
phase2-scenes-d3d12,candidate,0,ALL,qoi,gpu_scene_batch,staged_rgba,16,8855290,26174100.0,338.32261663247255,1941614,35421160,5.481508793049127
phase2-scenes-d3d12,candidate,0,ALL,qoi,gpu_scene_single,staged_premultiplied,16,8855290,42149200.0,210.09390451064314,1941614,35421160,5.481508793049127
phase2-scenes-d3d12,candidate,0,ALL,qoi,gpu_scene_single,staged_rgba,16,8855290,28983500.0,305.528662859903,1941614,35421160,5.481508793049127
phase2-scenes-d3d12,candidate,0,ALL,rgba8,gpu_scene_batch,staged_rgba,16,8855290,9983600.0,886.9836531912337,35421160,35421160,100.0
phase2-scenes-d3d12,candidate,0,ALL,rgba8,gpu_scene_single,staged_rgba,16,8855290,12641600.0,700.4880711302367,35421160,35421160,100.0
phase2-scenes-d3d12,candidate,0,ALL,rgi,gpu_scene_batch,direct_tight_rgba,16,8855290,177750100.0,49.81876240857248,1000184,35421160,2.8236906978766365
phase2-scenes-d3d12,candidate,0,ALL,rgi,gpu_scene_batch,staged_premultiplied,16,8855290,32112600.0,275.75749082914496,1000184,35421160,2.8236906978766365
phase2-scenes-d3d12,candidate,0,ALL,rgi,gpu_scene_batch,staged_reused_premultiplied,16,8855290,28208700.0,313.920528064037,1000184,35421160,2.8236906978766365
phase2-scenes-d3d12,candidate,0,ALL,rgi,gpu_scene_batch,staged_reused_rgba,16,8855290,13191700.0,671.2773941190294,1000184,35421160,2.8236906978766365
phase2-scenes-d3d12,candidate,0,ALL,rgi,gpu_scene_batch,staged_rgba,16,8855290,17505900.0,505.8460290530621,1000184,35421160,2.8236906978766365
phase2-scenes-d3d12,candidate,0,ALL,rgi,gpu_scene_single,direct_tight_rgba,16,8855290,182167300.0,48.61075505867409,1000184,35421160,2.8236906978766365
phase2-scenes-d3d12,candidate,0,ALL,rgi,gpu_scene_single,staged_premultiplied,16,8855290,35569400.0,248.9580931924632,1000184,35421160,2.8236906978766365
phase2-scenes-d3d12,candidate,0,ALL,rgi,gpu_scene_single,staged_reused_premultiplied,16,8855290,31670100.0,279.61042118591354,1000184,35421160,2.8236906978766365
phase2-scenes-d3d12,candidate,0,ALL,rgi,gpu_scene_single,staged_reused_rgba,16,8855290,19101200.0,463.59862207609996,1000184,35421160,2.8236906978766365
phase2-scenes-d3d12,candidate,0,ALL,rgi,gpu_scene_single,staged_rgba,16,8855290,21157400.0,418.54339380075055,1000184,35421160,2.8236906978766365
phase2-scenes-d3d12,candidate,1,ALL,png_libpng,gpu_scene_batch,staged_premultiplied,16,8855290,76318600.0,116.0305613572576,993672,35421160,2.8053062067984222
phase2-scenes-d3d12,candidate,1,ALL,png_libpng,gpu_scene_batch,staged_rgba,16,8855290,63629800.0,139.16891142200666,993672,35421160,2.8053062067984222
phase2-scenes-d3d12,candidate,1,ALL,png_libpng,gpu_scene_single,staged_premultiplied,16,8855290,83184000.0,106.45424600884786,993672,35421160,2.8053062067984222
phase2-scenes-d3d12,candidate,1,ALL,png_libpng,gpu_scene_single,staged_rgba,16,8855290,68622700.0,129.04315918784891,993672,35421160,2.8053062067984222
phase2-scenes-d3d12,candidate,1,ALL,png_stb,gpu_scene_batch,staged_premultiplied,16,8855290,70269900.0,126.01825248079192,1377810,35421160,3.889793558426658
phase2-scenes-d3d12,candidate,1,ALL,png_stb,gpu_scene_batch,staged_rgba,16,8855290,56546300.0,156.6024655901447,1377810,35421160,3.889793558426658
phase2-scenes-d3d12,candidate,1,ALL,png_stb,gpu_scene_single,staged_premultiplied,16,8855290,74311500.0,119.16446310463387,1377810,35421160,3.889793558426658
phase2-scenes-d3d12,candidate,1,ALL,png_stb,gpu_scene_single,staged_rgba,16,8855290,60060500.0,147.43949850567344,1377810,35421160,3.889793558426658
phase2-scenes-d3d12,candidate,1,ALL,qoi,gpu_scene_batch,staged_premultiplied,16,8855290,39423500.0,224.61957969231548,1941614,35421160,5.481508793049127
phase2-scenes-d3d12,candidate,1,ALL,qoi,gpu_scene_batch,staged_rgba,16,8855290,25734600.0,344.1005494548196,1941614,35421160,5.481508793049127
phase2-scenes-d3d12,candidate,1,ALL,qoi,gpu_scene_single,staged_premultiplied,16,8855290,43290300.0,204.55598598300313,1941614,35421160,5.481508793049127
phase2-scenes-d3d12,candidate,1,ALL,qoi,gpu_scene_single,staged_rgba,16,8855290,28459000.0,311.15956287993254,1941614,35421160,5.481508793049127
phase2-scenes-d3d12,candidate,1,ALL,rgba8,gpu_scene_batch,staged_rgba,16,8855290,12140600.0,729.3947580844439,35421160,35421160,100.0
phase2-scenes-d3d12,candidate,1,ALL,rgba8,gpu_scene_single,staged_rgba,16,8855290,15774700.0,561.3602794347912,35421160,35421160,100.0
phase2-scenes-d3d12,candidate,1,ALL,rgi,gpu_scene_batch,direct_tight_rgba,16,8855290,181852600.0,48.69487705977259,1000184,35421160,2.8236906978766365
phase2-scenes-d3d12,candidate,1,ALL,rgi,gpu_scene_batch,staged_premultiplied,16,8855290,31013700.0,285.52833102790055,1000184,35421160,2.8236906978766365
phase2-scenes-d3d12,candidate,1,ALL,rgi,gpu_scene_batch,staged_reused_premultiplied,16,8855290,28355600.0,312.2942205419741,1000184,35421160,2.8236906978766365
phase2-scenes-d3d12,candidate,1,ALL,rgi,gpu_scene_batch,staged_reused_rgba,16,8855290,13389800.0,661.3459499021643,1000184,35421160,2.8236906978766365
phase2-scenes-d3d12,candidate,1,ALL,rgi,gpu_scene_batch,staged_rgba,16,8855290,17801800.0,497.4378995382489,1000184,35421160,2.8236906978766365
phase2-scenes-d3d12,candidate,1,ALL,rgi,gpu_scene_single,direct_tight_rgba,16,8855290,183264600.0,48.31969731197405,1000184,35421160,2.8236906978766365
phase2-scenes-d3d12,candidate,1,ALL,rgi,gpu_scene_single,staged_premultiplied,16,8855290,34747900.0,254.84388984658065,1000184,35421160,2.8236906978766365
phase2-scenes-d3d12,candidate,1,ALL,rgi,gpu_scene_single,staged_reused_premultiplied,16,8855290,31839400.0,278.1236455460844,1000184,35421160,2.8236906978766365
phase2-scenes-d3d12,candidate,1,ALL,rgi,gpu_scene_single,staged_reused_rgba,16,8855290,18501900.0,478.61516925288754,1000184,35421160,2.8236906978766365
phase2-scenes-d3d12,candidate,1,ALL,rgi,gpu_scene_single,staged_rgba,16,8855290,20828400.0,425.1545966084769,1000184,35421160,2.8236906978766365
phase2-scenes-d3d12,candidate,2,ALL,png_libpng,gpu_scene_batch,staged_premultiplied,16,8855290,77615600.0,114.09162591025516,993672,35421160,2.8053062067984222
phase2-scenes-d3d12,candidate,2,ALL,png_libpng,gpu_scene_batch,staged_rgba,16,8855290,63378600.0,139.7205050285112,993672,35421160,2.8053062067984222
phase2-scenes-d3d12,candidate,2,ALL,png_libpng,gpu_scene_single,staged_premultiplied,16,8855290,80663400.0,109.7807679815133,993672,35421160,2.8053062067984222
phase2-scenes-d3d12,candidate,2,ALL,png_libpng,gpu_scene_single,staged_rgba,16,8855290,69297700.0,127.78620358251429,993672,35421160,2.8053062067984222
phase2-scenes-d3d12,candidate,2,ALL,png_stb,gpu_scene_batch,staged_premultiplied,16,8855290,69518800.0,127.37978791348527,1377810,35421160,3.889793558426658
phase2-scenes-d3d12,candidate,2,ALL,png_stb,gpu_scene_batch,staged_rgba,16,8855290,57463300.0,154.10340164940058,1377810,35421160,3.889793558426658
phase2-scenes-d3d12,candidate,2,ALL,png_stb,gpu_scene_single,staged_premultiplied,16,8855290,70528800.0,125.5556595319926,1377810,35421160,3.889793558426658
phase2-scenes-d3d12,candidate,2,ALL,png_stb,gpu_scene_single,staged_rgba,16,8855290,60261900.0,146.94674412854556,1377810,35421160,3.889793558426658
phase2-scenes-d3d12,candidate,2,ALL,qoi,gpu_scene_batch,staged_premultiplied,16,8855290,39758900.0,222.72472326950697,1941614,35421160,5.481508793049127
phase2-scenes-d3d12,candidate,2,ALL,qoi,gpu_scene_batch,staged_rgba,16,8855290,25469300.0,347.6848598116163,1941614,35421160,5.481508793049127
phase2-scenes-d3d12,candidate,2,ALL,qoi,gpu_scene_single,staged_premultiplied,16,8855290,43684600.0,202.70965054046505,1941614,35421160,5.481508793049127
phase2-scenes-d3d12,candidate,2,ALL,qoi,gpu_scene_single,staged_rgba,16,8855290,28707800.0,308.46285678456724,1941614,35421160,5.481508793049127
phase2-scenes-d3d12,candidate,2,ALL,rgba8,gpu_scene_batch,staged_rgba,16,8855290,9909800.0,893.589174352661,35421160,35421160,100.0
phase2-scenes-d3d12,candidate,2,ALL,rgba8,gpu_scene_single,staged_rgba,16,8855290,16156000.0,548.1115375092845,35421160,35421160,100.0
phase2-scenes-d3d12,candidate,2,ALL,rgi,gpu_scene_batch,direct_tight_rgba,16,8855290,179752200.0,49.26387549081458,1000184,35421160,2.8236906978766365
phase2-scenes-d3d12,candidate,2,ALL,rgi,gpu_scene_batch,staged_premultiplied,16,8855290,30528900.0,290.06253091333133,1000184,35421160,2.8236906978766365
phase2-scenes-d3d12,candidate,2,ALL,rgi,gpu_scene_batch,staged_reused_premultiplied,16,8855290,26132000.0,338.8676718199908,1000184,35421160,2.8236906978766365
phase2-scenes-d3d12,candidate,2,ALL,rgi,gpu_scene_batch,staged_reused_rgba,16,8855290,11943500.0,741.4317411144137,1000184,35421160,2.8236906978766365
phase2-scenes-d3d12,candidate,2,ALL,rgi,gpu_scene_batch,staged_rgba,16,8855290,18127300.0,488.5057344447325,1000184,35421160,2.8236906978766365
phase2-scenes-d3d12,candidate,2,ALL,rgi,gpu_scene_single,direct_tight_rgba,16,8855290,180898000.0,48.95184026357395,1000184,35421160,2.8236906978766365
phase2-scenes-d3d12,candidate,2,ALL,rgi,gpu_scene_single,staged_premultiplied,16,8855290,34310100.0,258.09572108504494,1000184,35421160,2.8236906978766365
phase2-scenes-d3d12,candidate,2,ALL,rgi,gpu_scene_single,staged_reused_premultiplied,16,8855290,31164400.0,284.14761715290524,1000184,35421160,2.8236906978766365
phase2-scenes-d3d12,candidate,2,ALL,rgi,gpu_scene_single,staged_reused_rgba,16,8855290,17588600.0,503.4675869597353,1000184,35421160,2.8236906978766365
phase2-scenes-d3d12,candidate,2,ALL,rgi,gpu_scene_single,staged_rgba,16,8855290,19305200.0,458.6997285705406,1000184,35421160,2.8236906978766365
phase2-scenes-vulkan,candidate,0,ALL,png_libpng,gpu_scene_batch,staged_premultiplied,16,8855290,82289600.0,107.61128988353327,993672,35421160,2.8053062067984222
phase2-scenes-vulkan,candidate,0,ALL,png_libpng,gpu_scene_batch,staged_rgba,16,8855290,70163500.0,126.20935386632651,993672,35421160,2.8053062067984222
phase2-scenes-vulkan,candidate,0,ALL,png_libpng,gpu_scene_single,staged_premultiplied,16,8855290,81280800.0,108.94688536530153,993672,35421160,2.8053062067984222
phase2-scenes-vulkan,candidate,0,ALL,png_libpng,gpu_scene_single,staged_rgba,16,8855290,71529800.0,123.79861260621448,993672,35421160,2.8053062067984222
phase2-scenes-vulkan,candidate,0,ALL,png_stb,gpu_scene_batch,staged_premultiplied,16,8855290,70087500.0,126.34621009452471,1377810,35421160,3.889793558426658
phase2-scenes-vulkan,candidate,0,ALL,png_stb,gpu_scene_batch,staged_rgba,16,8855290,57335400.0,154.4471652766005,1377810,35421160,3.889793558426658
phase2-scenes-vulkan,candidate,0,ALL,png_stb,gpu_scene_single,staged_premultiplied,16,8855290,73375700.0,120.68423197325545,1377810,35421160,3.889793558426658
phase2-scenes-vulkan,candidate,0,ALL,png_stb,gpu_scene_single,staged_rgba,16,8855290,59733200.0,148.24737332002974,1377810,35421160,3.889793558426658
phase2-scenes-vulkan,candidate,0,ALL,qoi,gpu_scene_batch,staged_premultiplied,16,8855290,41013600.0,215.91106364718044,1941614,35421160,5.481508793049127
phase2-scenes-vulkan,candidate,0,ALL,qoi,gpu_scene_batch,staged_rgba,16,8855290,28678800.0,308.774774397813,1941614,35421160,5.481508793049127
phase2-scenes-vulkan,candidate,0,ALL,qoi,gpu_scene_single,staged_premultiplied,16,8855290,48961900.0,180.86083260657776,1941614,35421160,5.481508793049127
phase2-scenes-vulkan,candidate,0,ALL,qoi,gpu_scene_single,staged_rgba,16,8855290,32877500.0,269.34195118241956,1941614,35421160,5.481508793049127
phase2-scenes-vulkan,candidate,0,ALL,rgba8,gpu_scene_batch,staged_rgba,16,8855290,10753300.0,823.495113128063,35421160,35421160,100.0
phase2-scenes-vulkan,candidate,0,ALL,rgba8,gpu_scene_single,staged_rgba,16,8855290,11323200.0,782.0483608873817,35421160,35421160,100.0
phase2-scenes-vulkan,candidate,0,ALL,rgi,gpu_scene_batch,direct_tight_rgba,16,8855290,13578000.0,652.1792605685667,1000184,35421160,2.8236906978766365
phase2-scenes-vulkan,candidate,0,ALL,rgi,gpu_scene_batch,staged_premultiplied,16,8855290,32888500.0,269.2518661538228,1000184,35421160,2.8236906978766365
phase2-scenes-vulkan,candidate,0,ALL,rgi,gpu_scene_batch,staged_reused_premultiplied,16,8855290,32555900.0,272.0026170371576,1000184,35421160,2.8236906978766365
phase2-scenes-vulkan,candidate,0,ALL,rgi,gpu_scene_batch,staged_reused_rgba,16,8855290,15719400.0,563.335114571803,1000184,35421160,2.8236906978766365
phase2-scenes-vulkan,candidate,0,ALL,rgi,gpu_scene_batch,staged_rgba,16,8855290,17843300.0,496.28095699786473,1000184,35421160,2.8236906978766365
phase2-scenes-vulkan,candidate,0,ALL,rgi,gpu_scene_single,direct_tight_rgba,16,8855290,15101500.0,586.3847962122968,1000184,35421160,2.8236906978766365
phase2-scenes-vulkan,candidate,0,ALL,rgi,gpu_scene_single,staged_premultiplied,16,8855290,46211200.0,191.62648881656395,1000184,35421160,2.8236906978766365
phase2-scenes-vulkan,candidate,0,ALL,rgi,gpu_scene_single,staged_reused_premultiplied,16,8855290,32336200.0,273.85066890976674,1000184,35421160,2.8236906978766365
phase2-scenes-vulkan,candidate,0,ALL,rgi,gpu_scene_single,staged_reused_rgba,16,8855290,18472400.0,479.3795067235443,1000184,35421160,2.8236906978766365
phase2-scenes-vulkan,candidate,0,ALL,rgi,gpu_scene_single,staged_rgba,16,8855290,20666700.0,428.48108309502726,1000184,35421160,2.8236906978766365
phase2-scenes-vulkan,candidate,1,ALL,png_libpng,gpu_scene_batch,staged_premultiplied,16,8855290,76681200.0,115.4818912588744,993672,35421160,2.8053062067984222
phase2-scenes-vulkan,candidate,1,ALL,png_libpng,gpu_scene_batch,staged_rgba,16,8855290,65808100.0,134.56231071858934,993672,35421160,2.8053062067984222
phase2-scenes-vulkan,candidate,1,ALL,png_libpng,gpu_scene_single,staged_premultiplied,16,8855290,80318800.0,110.25177168981608,993672,35421160,2.8053062067984222
phase2-scenes-vulkan,candidate,1,ALL,png_libpng,gpu_scene_single,staged_rgba,16,8855290,64479300.0,137.33539290904213,993672,35421160,2.8053062067984222
phase2-scenes-vulkan,candidate,1,ALL,png_stb,gpu_scene_batch,staged_premultiplied,16,8855290,67698200.0,130.8053980755766,1377810,35421160,3.889793558426658
phase2-scenes-vulkan,candidate,1,ALL,png_stb,gpu_scene_batch,staged_rgba,16,8855290,55708300.0,158.95818037886633,1377810,35421160,3.889793558426658
phase2-scenes-vulkan,candidate,1,ALL,png_stb,gpu_scene_single,staged_premultiplied,16,8855290,69547100.0,127.32795472420848,1377810,35421160,3.889793558426658
phase2-scenes-vulkan,candidate,1,ALL,png_stb,gpu_scene_single,staged_rgba,16,8855290,57120600.0,155.02795838979281,1377810,35421160,3.889793558426658
phase2-scenes-vulkan,candidate,1,ALL,qoi,gpu_scene_batch,staged_premultiplied,16,8855290,35848800.0,247.01775233759568,1941614,35421160,5.481508793049127
phase2-scenes-vulkan,candidate,1,ALL,qoi,gpu_scene_batch,staged_rgba,16,8855290,25693700.0,344.6482989993656,1941614,35421160,5.481508793049127
phase2-scenes-vulkan,candidate,1,ALL,qoi,gpu_scene_single,staged_premultiplied,16,8855290,38170000.0,231.99607021220854,1941614,35421160,5.481508793049127
phase2-scenes-vulkan,candidate,1,ALL,qoi,gpu_scene_single,staged_rgba,16,8855290,28410900.0,311.6863598126071,1941614,35421160,5.481508793049127
phase2-scenes-vulkan,candidate,1,ALL,rgba8,gpu_scene_batch,staged_rgba,16,8855290,10581800.0,836.8415581470072,35421160,35421160,100.0
phase2-scenes-vulkan,candidate,1,ALL,rgba8,gpu_scene_single,staged_rgba,16,8855290,11332500.0,781.4065740127951,35421160,35421160,100.0
phase2-scenes-vulkan,candidate,1,ALL,rgi,gpu_scene_batch,direct_tight_rgba,16,8855290,11898200.0,744.2545931317342,1000184,35421160,2.8236906978766365
phase2-scenes-vulkan,candidate,1,ALL,rgi,gpu_scene_batch,staged_premultiplied,16,8855290,29500000.0,300.1793220338983,1000184,35421160,2.8236906978766365
phase2-scenes-vulkan,candidate,1,ALL,rgi,gpu_scene_batch,staged_reused_premultiplied,16,8855290,25803100.0,343.18705891927715,1000184,35421160,2.8236906978766365
phase2-scenes-vulkan,candidate,1,ALL,rgi,gpu_scene_batch,staged_reused_rgba,16,8855290,13450300.0,658.3711887467194,1000184,35421160,2.8236906978766365
phase2-scenes-vulkan,candidate,1,ALL,rgi,gpu_scene_batch,staged_rgba,16,8855290,17703500.0,500.1999604597961,1000184,35421160,2.8236906978766365
phase2-scenes-vulkan,candidate,1,ALL,rgi,gpu_scene_single,direct_tight_rgba,16,8855290,13871000.0,638.4031432485041,1000184,35421160,2.8236906978766365
phase2-scenes-vulkan,candidate,1,ALL,rgi,gpu_scene_single,staged_premultiplied,16,8855290,31055300.0,285.1458527207916,1000184,35421160,2.8236906978766365
phase2-scenes-vulkan,candidate,1,ALL,rgi,gpu_scene_single,staged_reused_premultiplied,16,8855290,26864400.0,329.62917466982327,1000184,35421160,2.8236906978766365
phase2-scenes-vulkan,candidate,1,ALL,rgi,gpu_scene_single,staged_reused_rgba,16,8855290,15865100.0,558.1616252024885,1000184,35421160,2.8236906978766365
phase2-scenes-vulkan,candidate,1,ALL,rgi,gpu_scene_single,staged_rgba,16,8855290,18740300.0,472.52658708772003,1000184,35421160,2.8236906978766365
phase2-scenes-vulkan,candidate,2,ALL,png_libpng,gpu_scene_batch,staged_premultiplied,16,8855290,76262800.0,116.11545865087565,993672,35421160,2.8053062067984222
phase2-scenes-vulkan,candidate,2,ALL,png_libpng,gpu_scene_batch,staged_rgba,16,8855290,62862900.0,140.8667115261943,993672,35421160,2.8053062067984222
phase2-scenes-vulkan,candidate,2,ALL,png_libpng,gpu_scene_single,staged_premultiplied,16,8855290,75538900.0,117.2282095714923,993672,35421160,2.8053062067984222
phase2-scenes-vulkan,candidate,2,ALL,png_libpng,gpu_scene_single,staged_rgba,16,8855290,64735000.0,136.79292500193094,993672,35421160,2.8053062067984222
phase2-scenes-vulkan,candidate,2,ALL,png_stb,gpu_scene_batch,staged_premultiplied,16,8855290,67569700.0,131.05415593083882,1377810,35421160,3.889793558426658
phase2-scenes-vulkan,candidate,2,ALL,png_stb,gpu_scene_batch,staged_rgba,16,8855290,53722900.0,164.8326877365146,1377810,35421160,3.889793558426658
phase2-scenes-vulkan,candidate,2,ALL,png_stb,gpu_scene_single,staged_premultiplied,16,8855290,66724800.0,132.71362372011606,1377810,35421160,3.889793558426658
phase2-scenes-vulkan,candidate,2,ALL,png_stb,gpu_scene_single,staged_rgba,16,8855290,54316800.0,163.0304067986332,1377810,35421160,3.889793558426658
phase2-scenes-vulkan,candidate,2,ALL,qoi,gpu_scene_batch,staged_premultiplied,16,8855290,35693400.0,248.09320490622918,1941614,35421160,5.481508793049127
phase2-scenes-vulkan,candidate,2,ALL,qoi,gpu_scene_batch,staged_rgba,16,8855290,23347200.0,379.2870237116228,1941614,35421160,5.481508793049127
phase2-scenes-vulkan,candidate,2,ALL,qoi,gpu_scene_single,staged_premultiplied,16,8855290,38384600.0,230.69903034029272,1941614,35421160,5.481508793049127
phase2-scenes-vulkan,candidate,2,ALL,qoi,gpu_scene_single,staged_rgba,16,8855290,26034200.0,340.1406611303593,1941614,35421160,5.481508793049127
phase2-scenes-vulkan,candidate,2,ALL,rgba8,gpu_scene_batch,staged_rgba,16,8855290,10864700.0,815.0514970500797,35421160,35421160,100.0
phase2-scenes-vulkan,candidate,2,ALL,rgba8,gpu_scene_single,staged_rgba,16,8855290,10822400.0,818.2371747486694,35421160,35421160,100.0
phase2-scenes-vulkan,candidate,2,ALL,rgi,gpu_scene_batch,direct_tight_rgba,16,8855290,11366900.0,779.0417792010135,1000184,35421160,2.8236906978766365
phase2-scenes-vulkan,candidate,2,ALL,rgi,gpu_scene_batch,staged_premultiplied,16,8855290,27614700.0,320.6730473262429,1000184,35421160,2.8236906978766365
phase2-scenes-vulkan,candidate,2,ALL,rgi,gpu_scene_batch,staged_reused_premultiplied,16,8855290,25818800.0,342.9783723488311,1000184,35421160,2.8236906978766365
phase2-scenes-vulkan,candidate,2,ALL,rgi,gpu_scene_batch,staged_reused_rgba,16,8855290,13399900.0,660.8474690109628,1000184,35421160,2.8236906978766365
phase2-scenes-vulkan,candidate,2,ALL,rgi,gpu_scene_batch,staged_rgba,16,8855290,17551200.0,504.5404302839692,1000184,35421160,2.8236906978766365
phase2-scenes-vulkan,candidate,2,ALL,rgi,gpu_scene_single,direct_tight_rgba,16,8855290,13547600.0,653.6427116241991,1000184,35421160,2.8236906978766365
phase2-scenes-vulkan,candidate,2,ALL,rgi,gpu_scene_single,staged_premultiplied,16,8855290,30230100.0,292.9295635806696,1000184,35421160,2.8236906978766365
phase2-scenes-vulkan,candidate,2,ALL,rgi,gpu_scene_single,staged_reused_premultiplied,16,8855290,26755000.0,330.9770136423098,1000184,35421160,2.8236906978766365
phase2-scenes-vulkan,candidate,2,ALL,rgi,gpu_scene_single,staged_reused_rgba,16,8855290,14583700.0,607.2046188552973,1000184,35421160,2.8236906978766365
phase2-scenes-vulkan,candidate,2,ALL,rgi,gpu_scene_single,staged_rgba,16,8855290,16895800.0,524.1119094686253,1000184,35421160,2.8236906978766365
phase2-encoder-mana,baseline,0,ALL,png_libpng,decode,allocated,128,8855290,51074753.125,173.37900739975433,993672,35421160,2.8053062067984222
phase2-encoder-mana,baseline,0,ALL,png_libpng,decode,source_png,128,8855290,49652500.0,178.34529983384522,1129621,35421160,3.189113512939723
phase2-encoder-mana,baseline,0,ALL,png_libpng,encode,allocated,128,8855290,312099681.25,28.373274732397697,993672,35421160,2.8053062067984222
phase2-encoder-mana,baseline,0,ALL,png_stb,decode,allocated,128,8855290,40903856.25,216.49034618832545,1377810,35421160,3.889793558426658
phase2-encoder-mana,baseline,0,ALL,png_stb,decode,source_png,128,8855290,34280256.25,258.3204143930517,1129621,35421160,3.189113512939723
phase2-encoder-mana,baseline,0,ALL,png_stb,encode,allocated,128,8855290,443034850.0,19.98779554249513,1377810,35421160,3.889793558426658
phase2-encoder-mana,baseline,0,ALL,qoi,decode,allocated,128,8855290,13600250.0,651.1122957298579,1941614,35421160,5.481508793049127
phase2-encoder-mana,baseline,0,ALL,qoi,encode,allocated,128,8855290,45167853.125,196.05293117415573,1941614,35421160,5.481508793049127
phase2-encoder-mana,baseline,0,ALL,rgi,decode,allocated,128,8855290,5937615.625,1491.3882203346566,1000184,35421160,2.8236906978766365
phase2-encoder-mana,baseline,0,ALL,rgi,decode,reused,128,8855290,3817256.25,2319.8049646260974,1000184,35421160,2.8236906978766365
phase2-encoder-mana,baseline,0,ALL,rgi,decode,trusted_reused,128,8855290,3087303.125,2868.2930186843896,1000184,35421160,2.8236906978766365
phase2-encoder-mana,baseline,0,ALL,rgi,encode,allocated,128,8855290,515911859.375,17.164346659384254,1000184,35421160,2.8236906978766365
phase2-encoder-mana,baseline,0,ALL,rgi,encode,reused,128,8855290,498685628.125,17.75725928436089,1000184,35421160,2.8236906978766365
phase2-encoder-mana,baseline,1,ALL,png_libpng,decode,allocated,128,8855290,50148221.875,176.5823327110738,993672,35421160,2.8053062067984222
phase2-encoder-mana,baseline,1,ALL,png_libpng,decode,source_png,128,8855290,48223909.375,183.62862146117743,1129621,35421160,3.189113512939723
phase2-encoder-mana,baseline,1,ALL,png_libpng,encode,allocated,128,8855290,305456918.75,28.990307491602692,993672,35421160,2.8053062067984222
phase2-encoder-mana,baseline,1,ALL,png_stb,decode,allocated,128,8855290,40849403.125,216.7789324339118,1377810,35421160,3.889793558426658
phase2-encoder-mana,baseline,1,ALL,png_stb,decode,source_png,128,8855290,34706687.5,255.14650454613394,1129621,35421160,3.189113512939723
phase2-encoder-mana,baseline,1,ALL,png_stb,encode,allocated,128,8855290,438755431.25,20.182747310435715,1377810,35421160,3.889793558426658
phase2-encoder-mana,baseline,1,ALL,qoi,decode,allocated,128,8855290,13558031.25,653.139813348638,1941614,35421160,5.481508793049127
phase2-encoder-mana,baseline,1,ALL,qoi,encode,allocated,128,8855290,44860521.875,197.39605403331032,1941614,35421160,5.481508793049127
phase2-encoder-mana,baseline,1,ALL,rgi,decode,allocated,128,8855290,6402893.75,1383.0137350006785,1000184,35421160,2.8236906978766365
phase2-encoder-mana,baseline,1,ALL,rgi,decode,reused,128,8855290,3815137.5,2321.093276454649,1000184,35421160,2.8236906978766365
phase2-encoder-mana,baseline,1,ALL,rgi,decode,trusted_reused,128,8855290,3101403.125,2855.252813998503,1000184,35421160,2.8236906978766365
phase2-encoder-mana,baseline,1,ALL,rgi,encode,allocated,128,8855290,508806678.125,17.404036504852037,1000184,35421160,2.8236906978766365
phase2-encoder-mana,baseline,1,ALL,rgi,encode,reused,128,8855290,490540575.0,18.052105067965073,1000184,35421160,2.8236906978766365
phase2-encoder-mana,baseline,2,ALL,png_libpng,decode,allocated,128,8855290,47911200.0,184.82713853963165,993672,35421160,2.8053062067984222
phase2-encoder-mana,baseline,2,ALL,png_libpng,decode,source_png,128,8855290,46402959.375,190.83459588077187,1129621,35421160,3.189113512939723
phase2-encoder-mana,baseline,2,ALL,png_libpng,encode,allocated,128,8855290,290567487.5,30.475845994297625,993672,35421160,2.8053062067984222
phase2-encoder-mana,baseline,2,ALL,png_stb,decode,allocated,128,8855290,38806790.625,228.18918692789995,1377810,35421160,3.889793558426658
phase2-encoder-mana,baseline,2,ALL,png_stb,decode,source_png,128,8855290,32694718.75,270.84771909836354,1129621,35421160,3.189113512939723
phase2-encoder-mana,baseline,2,ALL,png_stb,encode,allocated,128,8855290,413621443.75,21.409165636374237,1377810,35421160,3.889793558426658
phase2-encoder-mana,baseline,2,ALL,qoi,decode,allocated,128,8855290,12877371.875,687.6628310464165,1941614,35421160,5.481508793049127
phase2-encoder-mana,baseline,2,ALL,qoi,encode,allocated,128,8855290,42107881.25,210.30006110791908,1941614,35421160,5.481508793049127
phase2-encoder-mana,baseline,2,ALL,rgi,decode,allocated,128,8855290,5867928.125,1509.0999431762807,1000184,35421160,2.8236906978766365
phase2-encoder-mana,baseline,2,ALL,rgi,decode,reused,128,8855290,3525953.125,2511.459933262726,1000184,35421160,2.8236906978766365
phase2-encoder-mana,baseline,2,ALL,rgi,decode,trusted_reused,128,8855290,2937056.25,3015.022269321536,1000184,35421160,2.8236906978766365
phase2-encoder-mana,baseline,2,ALL,rgi,encode,allocated,128,8855290,485537028.125,18.238135275071613,1000184,35421160,2.8236906978766365
phase2-encoder-mana,baseline,2,ALL,rgi,encode,reused,128,8855290,465872259.375,19.00797873623123,1000184,35421160,2.8236906978766365
phase2-encoder-mana,candidate,0,ALL,png_libpng,decode,allocated,128,8855290,49045281.25,180.55335343805373,993672,35421160,2.8053062067984222
phase2-encoder-mana,candidate,0,ALL,png_libpng,decode,source_png,128,8855290,47802203.125,185.2485747747636,1129621,35421160,3.189113512939723
phase2-encoder-mana,candidate,0,ALL,png_libpng,encode,allocated,128,8855290,293582212.5,30.16289687509593,993672,35421160,2.8053062067984222
phase2-encoder-mana,candidate,0,ALL,png_stb,decode,allocated,128,8855290,37924903.125,233.49538879013286,1377810,35421160,3.889793558426658
phase2-encoder-mana,candidate,0,ALL,png_stb,decode,source_png,128,8855290,32302371.875,274.13745449613367,1129621,35421160,3.189113512939723
phase2-encoder-mana,candidate,0,ALL,png_stb,encode,allocated,128,8855290,417707456.25,21.199741272274693,1377810,35421160,3.889793558426658
phase2-encoder-mana,candidate,0,ALL,qoi,decode,allocated,128,8855290,12082621.875,732.8947385436574,1941614,35421160,5.481508793049127
phase2-encoder-mana,candidate,0,ALL,qoi,encode,allocated,128,8855290,42780540.625,206.99341033631455,1941614,35421160,5.481508793049127
phase2-encoder-mana,candidate,0,ALL,rgi,decode,allocated,128,8855290,5501543.75,1609.6009415539047,1000184,35421160,2.8236906978766365
phase2-encoder-mana,candidate,0,ALL,rgi,decode,reused,128,8855290,3570331.25,2480.243254740019,1000184,35421160,2.8236906978766365
phase2-encoder-mana,candidate,0,ALL,rgi,decode,trusted_reused,128,8855290,2919915.625,3032.721193784495,1000184,35421160,2.8236906978766365
phase2-encoder-mana,candidate,0,ALL,rgi,encode,allocated,128,8855290,253838065.625,34.88558730620842,1000184,35421160,2.8236906978766365
phase2-encoder-mana,candidate,0,ALL,rgi,encode,reused,128,8855290,254240303.125,34.83039428113882,1000184,35421160,2.8236906978766365
phase2-encoder-mana,candidate,1,ALL,png_libpng,decode,allocated,128,8855290,50529346.875,175.25043460202056,993672,35421160,2.8053062067984222
phase2-encoder-mana,candidate,1,ALL,png_libpng,decode,source_png,128,8855290,48587346.875,182.25506370582207,1129621,35421160,3.189113512939723
phase2-encoder-mana,candidate,1,ALL,png_libpng,encode,allocated,128,8855290,303229471.875,29.203262945530597,993672,35421160,2.8053062067984222
phase2-encoder-mana,candidate,1,ALL,png_stb,decode,allocated,128,8855290,39850381.25,222.2134323997214,1377810,35421160,3.889793558426658
phase2-encoder-mana,candidate,1,ALL,png_stb,decode,source_png,128,8855290,34267303.125,258.418060146074,1129621,35421160,3.189113512939723
phase2-encoder-mana,candidate,1,ALL,png_stb,encode,allocated,128,8855290,431579046.875,20.518350147255397,1377810,35421160,3.889793558426658
phase2-encoder-mana,candidate,1,ALL,qoi,decode,allocated,128,8855290,12797890.625,691.933558386697,1941614,35421160,5.481508793049127
phase2-encoder-mana,candidate,1,ALL,qoi,encode,allocated,128,8855290,43785596.875,202.24207575107997,1941614,35421160,5.481508793049127
phase2-encoder-mana,candidate,1,ALL,rgi,decode,allocated,128,8855290,6044315.625,1465.0608190236592,1000184,35421160,2.8236906978766365
phase2-encoder-mana,candidate,1,ALL,rgi,decode,reused,128,8855290,3714462.5,2384.0030690846925,1000184,35421160,2.8236906978766365
phase2-encoder-mana,candidate,1,ALL,rgi,decode,trusted_reused,128,8855290,3123362.5,2835.1784334991535,1000184,35421160,2.8236906978766365
phase2-encoder-mana,candidate,1,ALL,rgi,encode,allocated,128,8855290,258485812.5,34.25832123765013,1000184,35421160,2.8236906978766365
phase2-encoder-mana,candidate,1,ALL,rgi,encode,reused,128,8855290,255930465.625,34.600374669638356,1000184,35421160,2.8236906978766365
phase2-encoder-mana,candidate,2,ALL,png_libpng,decode,allocated,128,8855290,48857678.125,181.24664003361295,993672,35421160,2.8053062067984222
phase2-encoder-mana,candidate,2,ALL,png_libpng,decode,source_png,128,8855290,47538481.25,186.27624962250977,1129621,35421160,3.189113512939723
phase2-encoder-mana,candidate,2,ALL,png_libpng,encode,allocated,128,8855290,293669862.5,30.153894324106886,993672,35421160,2.8053062067984222
phase2-encoder-mana,candidate,2,ALL,png_stb,decode,allocated,128,8855290,38000196.875,233.0327400441922,1377810,35421160,3.889793558426658
phase2-encoder-mana,candidate,2,ALL,png_stb,decode,source_png,128,8855290,33107268.75,267.4726830191935,1129621,35421160,3.189113512939723
phase2-encoder-mana,candidate,2,ALL,png_stb,encode,allocated,128,8855290,413897375.0,21.39489287652525,1377810,35421160,3.889793558426658
phase2-encoder-mana,candidate,2,ALL,qoi,decode,allocated,128,8855290,12613609.375,702.0425111269946,1941614,35421160,5.481508793049127
phase2-encoder-mana,candidate,2,ALL,qoi,encode,allocated,128,8855290,42639712.5,207.67705692199496,1941614,35421160,5.481508793049127
phase2-encoder-mana,candidate,2,ALL,rgi,decode,allocated,128,8855290,5764028.125,1536.3023579972555,1000184,35421160,2.8236906978766365
phase2-encoder-mana,candidate,2,ALL,rgi,decode,reused,128,8855290,3454493.75,2563.411787906694,1000184,35421160,2.8236906978766365
phase2-encoder-mana,candidate,2,ALL,rgi,decode,trusted_reused,128,8855290,2892321.875,3061.654401794406,1000184,35421160,2.8236906978766365
phase2-encoder-mana,candidate,2,ALL,rgi,encode,allocated,128,8855290,251502003.125,35.20962016194677,1000184,35421160,2.8236906978766365
phase2-encoder-mana,candidate,2,ALL,rgi,encode,reused,128,8855290,249551487.5,35.484821544091176,1000184,35421160,2.8236906978766365
phase2-encoder-synthetic,baseline,0,ALL,png_libpng,decode,allocated,9,1411141,9971862.5,141.51228017835183,943289,5644564,16.711459025001755
phase2-encoder-synthetic,baseline,0,ALL,png_libpng,encode,allocated,9,1411141,69958659.375,20.171069780452036,943289,5644564,16.711459025001755
phase2-encoder-synthetic,baseline,0,ALL,png_stb,decode,allocated,9,1411141,5886884.375,239.709311430123,1118061,5644564,19.807747772901504
phase2-encoder-synthetic,baseline,0,ALL,png_stb,encode,allocated,9,1411141,116551118.75,12.107485669244166,1118061,5644564,19.807747772901504
phase2-encoder-synthetic,baseline,0,ALL,qoi,decode,allocated,9,1411141,4838909.375,291.6237711106131,2712490,5644564,48.054907340938996
phase2-encoder-synthetic,baseline,0,ALL,qoi,encode,allocated,9,1411141,7548418.75,186.94524598280933,2712490,5644564,48.054907340938996
phase2-encoder-synthetic,baseline,0,ALL,rgi,decode,allocated,9,1411141,1861015.625,758.2639183913353,1474583,5644564,26.123948634473805
phase2-encoder-synthetic,baseline,0,ALL,rgi,decode,reused,9,1411141,1310134.375,1077.0963856283827,1474583,5644564,26.123948634473805
phase2-encoder-synthetic,baseline,0,ALL,rgi,decode,trusted_reused,9,1411141,1187337.5,1188.4918988914274,1474583,5644564,26.123948634473805
phase2-encoder-synthetic,baseline,0,ALL,rgi,encode,allocated,9,1411141,181811037.5,7.761580481603049,1474583,5644564,26.123948634473805
phase2-encoder-synthetic,baseline,0,ALL,rgi,encode,reused,9,1411141,178862643.75,7.889523325912485,1474583,5644564,26.123948634473805
phase2-encoder-synthetic,baseline,1,ALL,png_libpng,decode,allocated,9,1411141,10907496.875,129.3734956949048,943289,5644564,16.711459025001755
phase2-encoder-synthetic,baseline,1,ALL,png_libpng,encode,allocated,9,1411141,77398650.0,18.232113867619137,943289,5644564,16.711459025001755
phase2-encoder-synthetic,baseline,1,ALL,png_stb,decode,allocated,9,1411141,6609712.5,213.49506502741232,1118061,5644564,19.807747772901504
phase2-encoder-synthetic,baseline,1,ALL,png_stb,encode,allocated,9,1411141,134606437.5,10.48345848986606,1118061,5644564,19.807747772901504
phase2-encoder-synthetic,baseline,1,ALL,qoi,decode,allocated,9,1411141,5199184.375,271.4158410664173,2712490,5644564,48.054907340938996
phase2-encoder-synthetic,baseline,1,ALL,qoi,encode,allocated,9,1411141,8348815.625,169.0228965860053,2712490,5644564,48.054907340938996
phase2-encoder-synthetic,baseline,1,ALL,rgi,decode,allocated,9,1411141,2142318.75,658.6979645302549,1474583,5644564,26.123948634473805
phase2-encoder-synthetic,baseline,1,ALL,rgi,decode,reused,9,1411141,1485150.0,950.1673231660102,1474583,5644564,26.123948634473805
phase2-encoder-synthetic,baseline,1,ALL,rgi,decode,trusted_reused,9,1411141,1417646.875,995.4107929733912,1474583,5644564,26.123948634473805
phase2-encoder-synthetic,baseline,1,ALL,rgi,encode,allocated,9,1411141,203038871.875,6.950102642752875,1474583,5644564,26.123948634473805
phase2-encoder-synthetic,baseline,1,ALL,rgi,encode,reused,9,1411141,198924625.0,7.0938477325268305,1474583,5644564,26.123948634473805
phase2-encoder-synthetic,baseline,2,ALL,png_libpng,decode,allocated,9,1411141,11351943.75,124.30831504076119,943289,5644564,16.711459025001755
phase2-encoder-synthetic,baseline,2,ALL,png_libpng,encode,allocated,9,1411141,80242934.375,17.585859876525735,943289,5644564,16.711459025001755
phase2-encoder-synthetic,baseline,2,ALL,png_stb,decode,allocated,9,1411141,7204700.0,195.86394992157898,1118061,5644564,19.807747772901504
phase2-encoder-synthetic,baseline,2,ALL,png_stb,encode,allocated,9,1411141,137814353.125,10.239434195363314,1118061,5644564,19.807747772901504
phase2-encoder-synthetic,baseline,2,ALL,qoi,decode,allocated,9,1411141,5584371.875,252.69466854766006,2712490,5644564,48.054907340938996
phase2-encoder-synthetic,baseline,2,ALL,qoi,encode,allocated,9,1411141,8624859.375,163.6132183314583,2712490,5644564,48.054907340938996
phase2-encoder-synthetic,baseline,2,ALL,rgi,decode,allocated,9,1411141,2241228.125,629.6284542654488,1474583,5644564,26.123948634473805
phase2-encoder-synthetic,baseline,2,ALL,rgi,decode,reused,9,1411141,1502250.0,939.3516392078549,1474583,5644564,26.123948634473805
phase2-encoder-synthetic,baseline,2,ALL,rgi,decode,trusted_reused,9,1411141,1344846.875,1049.294924375684,1474583,5644564,26.123948634473805
phase2-encoder-synthetic,baseline,2,ALL,rgi,encode,allocated,9,1411141,209312625.0,6.7417863590406935,1474583,5644564,26.123948634473805
phase2-encoder-synthetic,baseline,2,ALL,rgi,encode,reused,9,1411141,203774750.0,6.925004201943568,1474583,5644564,26.123948634473805
phase2-encoder-synthetic,candidate,0,ALL,png_libpng,decode,allocated,9,1411141,9988371.875,141.2783802665537,943289,5644564,16.711459025001755
phase2-encoder-synthetic,candidate,0,ALL,png_libpng,encode,allocated,9,1411141,68511181.25,20.597236454742927,943289,5644564,16.711459025001755
phase2-encoder-synthetic,candidate,0,ALL,png_stb,decode,allocated,9,1411141,5899571.875,239.19379743127547,1118061,5644564,19.807747772901504
phase2-encoder-synthetic,candidate,0,ALL,png_stb,encode,allocated,9,1411141,111648550.0,12.639134140120943,1118061,5644564,19.807747772901504
phase2-encoder-synthetic,candidate,0,ALL,qoi,decode,allocated,9,1411141,4741153.125,297.6366640763158,2712490,5644564,48.054907340938996
phase2-encoder-synthetic,candidate,0,ALL,qoi,encode,allocated,9,1411141,7493065.625,188.32625665146233,2712490,5644564,48.054907340938996
phase2-encoder-synthetic,candidate,0,ALL,rgi,decode,allocated,9,1411141,1872412.5,753.6485683576669,1474583,5644564,26.123948634473805
phase2-encoder-synthetic,candidate,0,ALL,rgi,decode,reused,9,1411141,1290046.875,1093.8680038273803,1474583,5644564,26.123948634473805
phase2-encoder-synthetic,candidate,0,ALL,rgi,decode,trusted_reused,9,1411141,1159537.5,1216.9860828131907,1474583,5644564,26.123948634473805
phase2-encoder-synthetic,candidate,0,ALL,rgi,encode,allocated,9,1411141,160239328.125,8.806458542432184,1474583,5644564,26.123948634473805
phase2-encoder-synthetic,candidate,0,ALL,rgi,encode,reused,9,1411141,160903084.375,8.770130202794629,1474583,5644564,26.123948634473805
phase2-encoder-synthetic,candidate,1,ALL,png_libpng,decode,allocated,9,1411141,10738643.75,131.40774876715693,943289,5644564,16.711459025001755
phase2-encoder-synthetic,candidate,1,ALL,png_libpng,encode,allocated,9,1411141,72882681.25,19.36181512257413,943289,5644564,16.711459025001755
phase2-encoder-synthetic,candidate,1,ALL,png_stb,decode,allocated,9,1411141,6113275.0,230.83224621827088,1118061,5644564,19.807747772901504
phase2-encoder-synthetic,candidate,1,ALL,png_stb,encode,allocated,9,1411141,120958862.5,11.666288611138352,1118061,5644564,19.807747772901504
phase2-encoder-synthetic,candidate,1,ALL,qoi,decode,allocated,9,1411141,5008375.0,281.7562582674021,2712490,5644564,48.054907340938996
phase2-encoder-synthetic,candidate,1,ALL,qoi,encode,allocated,9,1411141,7810312.5,180.6766374584884,2712490,5644564,48.054907340938996
phase2-encoder-synthetic,candidate,1,ALL,rgi,decode,allocated,9,1411141,1890303.125,746.5157208582618,1474583,5644564,26.123948634473805
phase2-encoder-synthetic,candidate,1,ALL,rgi,decode,reused,9,1411141,1364246.875,1034.3736356368784,1474583,5644564,26.123948634473805
phase2-encoder-synthetic,candidate,1,ALL,rgi,decode,trusted_reused,9,1411141,1234737.5,1142.8672086172162,1474583,5644564,26.123948634473805
phase2-encoder-synthetic,candidate,1,ALL,rgi,encode,allocated,9,1411141,173181743.75,8.148324236976624,1474583,5644564,26.123948634473805
phase2-encoder-synthetic,candidate,1,ALL,rgi,encode,reused,9,1411141,172416475.0,8.184490490250424,1474583,5644564,26.123948634473805
phase2-encoder-synthetic,candidate,2,ALL,png_libpng,decode,allocated,9,1411141,10676340.625,132.17459516940056,943289,5644564,16.711459025001755
phase2-encoder-synthetic,candidate,2,ALL,png_libpng,encode,allocated,9,1411141,73255393.75,19.263305099633023,943289,5644564,16.711459025001755
phase2-encoder-synthetic,candidate,2,ALL,png_stb,decode,allocated,9,1411141,6334996.875,222.75322748284702,1118061,5644564,19.807747772901504
phase2-encoder-synthetic,candidate,2,ALL,png_stb,encode,allocated,9,1411141,119400484.375,11.81855339521105,1118061,5644564,19.807747772901504
phase2-encoder-synthetic,candidate,2,ALL,qoi,decode,allocated,9,1411141,5337796.875,264.36768446719884,2712490,5644564,48.054907340938996
phase2-encoder-synthetic,candidate,2,ALL,qoi,encode,allocated,9,1411141,8126503.125,173.646767655676,2712490,5644564,48.054907340938996
phase2-encoder-synthetic,candidate,2,ALL,rgi,decode,allocated,9,1411141,2048496.875,688.8665622201645,1474583,5644564,26.123948634473805
phase2-encoder-synthetic,candidate,2,ALL,rgi,decode,reused,9,1411141,1377043.75,1024.7611958588825,1474583,5644564,26.123948634473805
phase2-encoder-synthetic,candidate,2,ALL,rgi,decode,trusted_reused,9,1411141,1227040.625,1150.0360878434649,1474583,5644564,26.123948634473805
phase2-encoder-synthetic,candidate,2,ALL,rgi,encode,allocated,9,1411141,172570778.125,8.17717237722515,1474583,5644564,26.123948634473805
phase2-encoder-synthetic,candidate,2,ALL,rgi,encode,reused,9,1411141,170275206.25,8.287413247517355,1474583,5644564,26.123948634473805
phase2-encoder-kodak,baseline,0,ALL,png_libpng,decode,allocated,24,9437184,160589300.0,58.76595763229555,17633593,37748736,46.71306875016954
phase2-encoder-kodak,baseline,0,ALL,png_libpng,decode,source_png,24,9437184,138008400.0,68.38122896867148,15394305,37748736,40.780981381734215
phase2-encoder-kodak,baseline,0,ALL,png_libpng,encode,allocated,24,9437184,3348133100.0,2.8186406328947915,17633593,37748736,46.71306875016954
phase2-encoder-kodak,baseline,0,ALL,png_stb,decode,allocated,24,9437184,199995300.0,47.18702889517904,24069699,37748736,63.76292705535889
phase2-encoder-kodak,baseline,0,ALL,png_stb,decode,source_png,24,9437184,160012800.0,58.977681785457165,15394305,37748736,40.780981381734215
phase2-encoder-kodak,baseline,0,ALL,png_stb,encode,allocated,24,9437184,1853031500.0,5.092835173066405,24069699,37748736,63.76292705535889
phase2-encoder-kodak,baseline,0,ALL,qoi,decode,allocated,24,9437184,52575900.0,179.4963852259305,16501520,37748736,43.71409946017795
phase2-encoder-kodak,baseline,0,ALL,qoi,encode,allocated,24,9437184,87711100.0,107.5939533308783,16501520,37748736,43.71409946017795
phase2-encoder-kodak,baseline,0,ALL,rgi,decode,allocated,24,9437184,47642900.0,198.08164490406756,16501523,37748736,43.71410740746392
phase2-encoder-kodak,baseline,0,ALL,rgi,decode,reused,24,9437184,42537900.0,221.85354707214037,16501523,37748736,43.71410740746392
phase2-encoder-kodak,baseline,0,ALL,rgi,decode,trusted_reused,24,9437184,42585100.0,221.60765150252084,16501523,37748736,43.71410740746392
phase2-encoder-kodak,baseline,0,ALL,rgi,encode,allocated,24,9437184,2549651200.0,3.701362758953068,16501523,37748736,43.71410740746392
phase2-encoder-kodak,baseline,0,ALL,rgi,encode,reused,24,9437184,2557074400.0,3.6906176840220213,16501523,37748736,43.71410740746392
phase2-encoder-kodak,baseline,1,ALL,png_libpng,decode,allocated,24,9437184,170159700.0,55.460746581005964,17633593,37748736,46.71306875016954
phase2-encoder-kodak,baseline,1,ALL,png_libpng,decode,source_png,24,9437184,143520600.0,65.75490905138356,15394305,37748736,40.780981381734215
phase2-encoder-kodak,baseline,1,ALL,png_libpng,encode,allocated,24,9437184,3544506200.0,2.662482012303999,17633593,37748736,46.71306875016954
phase2-encoder-kodak,baseline,1,ALL,png_stb,decode,allocated,24,9437184,206245000.0,45.75715290067638,24069699,37748736,63.76292705535889
phase2-encoder-kodak,baseline,1,ALL,png_stb,decode,source_png,24,9437184,165867400.0,56.89595423814445,15394305,37748736,40.780981381734215
phase2-encoder-kodak,baseline,1,ALL,png_stb,encode,allocated,24,9437184,1936231100.0,4.873996704215731,24069699,37748736,63.76292705535889
phase2-encoder-kodak,baseline,1,ALL,qoi,decode,allocated,24,9437184,55050600.0,171.42745038201218,16501520,37748736,43.71409946017795
phase2-encoder-kodak,baseline,1,ALL,qoi,encode,allocated,24,9437184,93086100.0,101.38123737056338,16501520,37748736,43.71409946017795
phase2-encoder-kodak,baseline,1,ALL,rgi,decode,allocated,24,9437184,49629200.0,190.15386103342388,16501523,37748736,43.71410740746392
phase2-encoder-kodak,baseline,1,ALL,rgi,decode,reused,24,9437184,44594600.0,211.62167616706955,16501523,37748736,43.71410740746392
phase2-encoder-kodak,baseline,1,ALL,rgi,decode,trusted_reused,24,9437184,44950200.0,209.9475419464207,16501523,37748736,43.71410740746392
phase2-encoder-kodak,baseline,1,ALL,rgi,encode,allocated,24,9437184,2678786500.0,3.5229324920071083,16501523,37748736,43.71410740746392
phase2-encoder-kodak,baseline,1,ALL,rgi,encode,reused,24,9437184,2678882000.0,3.52280690228237,16501523,37748736,43.71410740746392
phase2-encoder-kodak,baseline,2,ALL,png_libpng,decode,allocated,24,9437184,156956700.0,60.12603475990512,17633593,37748736,46.71306875016954
phase2-encoder-kodak,baseline,2,ALL,png_libpng,decode,source_png,24,9437184,134029500.0,70.41124528555281,15394305,37748736,40.780981381734215
phase2-encoder-kodak,baseline,2,ALL,png_libpng,encode,allocated,24,9437184,3291641600.0,2.8670144404542706,17633593,37748736,46.71306875016954
phase2-encoder-kodak,baseline,2,ALL,png_stb,decode,allocated,24,9437184,189554000.0,49.78625615919474,24069699,37748736,63.76292705535889
phase2-encoder-kodak,baseline,2,ALL,png_stb,decode,source_png,24,9437184,154739400.0,60.98759591933276,15394305,37748736,40.780981381734215
phase2-encoder-kodak,baseline,2,ALL,png_stb,encode,allocated,24,9437184,1788304100.0,5.277169582063811,24069699,37748736,63.76292705535889
phase2-encoder-kodak,baseline,2,ALL,qoi,decode,allocated,24,9437184,50439100.0,187.1005628569899,16501520,37748736,43.71409946017795
phase2-encoder-kodak,baseline,2,ALL,qoi,encode,allocated,24,9437184,84870900.0,111.19457906066744,16501520,37748736,43.71409946017795
phase2-encoder-kodak,baseline,2,ALL,rgi,decode,allocated,24,9437184,45162700.0,208.95969461524666,16501523,37748736,43.71410740746392
phase2-encoder-kodak,baseline,2,ALL,rgi,decode,reused,24,9437184,41240000.0,228.8356935014549,16501523,37748736,43.71410740746392
phase2-encoder-kodak,baseline,2,ALL,rgi,decode,trusted_reused,24,9437184,41441300.0,227.72413027583593,16501523,37748736,43.71410740746392
phase2-encoder-kodak,baseline,2,ALL,rgi,encode,allocated,24,9437184,2483870600.0,3.799386328740314,16501523,37748736,43.71410740746392
phase2-encoder-kodak,baseline,2,ALL,rgi,encode,reused,24,9437184,2490944800.0,3.788596198518731,16501523,37748736,43.71410740746392
phase2-encoder-kodak,candidate,0,ALL,png_libpng,decode,allocated,24,9437184,169750400.0,55.594472825984504,17633593,37748736,46.71306875016954
phase2-encoder-kodak,candidate,0,ALL,png_libpng,decode,source_png,24,9437184,144856700.0,65.14841218942583,15394305,37748736,40.780981381734215
phase2-encoder-kodak,candidate,0,ALL,png_libpng,encode,allocated,24,9437184,3509543300.0,2.68900628751325,17633593,37748736,46.71306875016954
phase2-encoder-kodak,candidate,0,ALL,png_stb,decode,allocated,24,9437184,205439900.0,45.93647095817317,24069699,37748736,63.76292705535889
phase2-encoder-kodak,candidate,0,ALL,png_stb,decode,source_png,24,9437184,165870200.0,56.894993796354015,15394305,37748736,40.780981381734215
phase2-encoder-kodak,candidate,0,ALL,png_stb,encode,allocated,24,9437184,1860989400.0,5.071057363357363,24069699,37748736,63.76292705535889
phase2-encoder-kodak,candidate,0,ALL,qoi,decode,allocated,24,9437184,52550400.0,179.5834855681403,16501520,37748736,43.71409946017795
phase2-encoder-kodak,candidate,0,ALL,qoi,encode,allocated,24,9437184,89968100.0,104.89477937179956,16501520,37748736,43.71409946017795
phase2-encoder-kodak,candidate,0,ALL,rgi,decode,allocated,24,9437184,47860400.0,197.18146944028885,16501523,37748736,43.71410740746392
phase2-encoder-kodak,candidate,0,ALL,rgi,decode,reused,24,9437184,44081900.0,214.08296829310896,16501523,37748736,43.71410740746392
phase2-encoder-kodak,candidate,0,ALL,rgi,decode,trusted_reused,24,9437184,43974800.0,214.60436431774562,16501523,37748736,43.71410740746392
phase2-encoder-kodak,candidate,0,ALL,rgi,encode,allocated,24,9437184,2755468800.0,3.4248923449977005,16501523,37748736,43.71410740746392
phase2-encoder-kodak,candidate,0,ALL,rgi,encode,reused,24,9437184,2758376600.0,3.421281923577803,16501523,37748736,43.71410740746392
phase2-encoder-kodak,candidate,1,ALL,png_libpng,decode,allocated,24,9437184,165213300.0,57.12121239633855,17633593,37748736,46.71306875016954
phase2-encoder-kodak,candidate,1,ALL,png_libpng,decode,source_png,24,9437184,140054700.0,67.38212998207129,15394305,37748736,40.780981381734215
phase2-encoder-kodak,candidate,1,ALL,png_libpng,encode,allocated,24,9437184,3409954500.0,2.767539566876919,17633593,37748736,46.71306875016954
phase2-encoder-kodak,candidate,1,ALL,png_stb,decode,allocated,24,9437184,199932200.0,47.201921451372016,24069699,37748736,63.76292705535889
phase2-encoder-kodak,candidate,1,ALL,png_stb,decode,source_png,24,9437184,161554300.0,58.41493541180891,15394305,37748736,40.780981381734215
phase2-encoder-kodak,candidate,1,ALL,png_stb,encode,allocated,24,9437184,1838249700.0,5.133787863531271,24069699,37748736,63.76292705535889
phase2-encoder-kodak,candidate,1,ALL,qoi,decode,allocated,24,9437184,51645800.0,182.72897312075716,16501520,37748736,43.71409946017795
phase2-encoder-kodak,candidate,1,ALL,qoi,encode,allocated,24,9437184,89219200.0,105.77525913704673,16501520,37748736,43.71409946017795
phase2-encoder-kodak,candidate,1,ALL,rgi,decode,allocated,24,9437184,46953800.0,200.98871656820108,16501523,37748736,43.71410740746392
phase2-encoder-kodak,candidate,1,ALL,rgi,decode,reused,24,9437184,43239100.0,218.25579163303584,16501523,37748736,43.71410740746392
phase2-encoder-kodak,candidate,1,ALL,rgi,decode,trusted_reused,24,9437184,42714600.0,220.9357924456743,16501523,37748736,43.71410740746392
phase2-encoder-kodak,candidate,1,ALL,rgi,encode,allocated,24,9437184,2676604400.0,3.5258045604348554,16501523,37748736,43.71410740746392
phase2-encoder-kodak,candidate,1,ALL,rgi,encode,reused,24,9437184,2684918400.0,3.5148867094061407,16501523,37748736,43.71410740746392
phase2-encoder-kodak,candidate,2,ALL,png_libpng,decode,allocated,24,9437184,178675700.0,52.817389270057426,17633593,37748736,46.71306875016954
phase2-encoder-kodak,candidate,2,ALL,png_libpng,decode,source_png,24,9437184,153929800.0,61.30836264323087,15394305,37748736,40.780981381734215
phase2-encoder-kodak,candidate,2,ALL,png_libpng,encode,allocated,24,9437184,3659447000.0,2.578855220474569,17633593,37748736,46.71306875016954
phase2-encoder-kodak,candidate,2,ALL,png_stb,decode,allocated,24,9437184,219423000.0,43.00909202772726,24069699,37748736,63.76292705535889
phase2-encoder-kodak,candidate,2,ALL,png_stb,decode,source_png,24,9437184,178590600.0,52.84255722305653,15394305,37748736,40.780981381734215
phase2-encoder-kodak,candidate,2,ALL,png_stb,encode,allocated,24,9437184,2009003300.0,4.697445743369362,24069699,37748736,63.76292705535889
phase2-encoder-kodak,candidate,2,ALL,qoi,decode,allocated,24,9437184,57521200.0,164.06444928130847,16501520,37748736,43.71409946017795
phase2-encoder-kodak,candidate,2,ALL,qoi,encode,allocated,24,9437184,96714500.0,97.57775721324103,16501520,37748736,43.71409946017795
phase2-encoder-kodak,candidate,2,ALL,rgi,decode,allocated,24,9437184,52039500.0,181.34655405989682,16501523,37748736,43.71410740746392
phase2-encoder-kodak,candidate,2,ALL,rgi,decode,reused,24,9437184,46962500.0,200.95148256587703,16501523,37748736,43.71410740746392
phase2-encoder-kodak,candidate,2,ALL,rgi,decode,trusted_reused,24,9437184,47190600.0,199.98016554144257,16501523,37748736,43.71410740746392
phase2-encoder-kodak,candidate,2,ALL,rgi,encode,allocated,24,9437184,2901726900.0,3.2522647117480283,16501523,37748736,43.71410740746392
phase2-encoder-kodak,candidate,2,ALL,rgi,encode,reused,24,9437184,2895020400.0,3.259798791055151,16501523,37748736,43.71410740746392
phase2-palette-mana,candidate,0,ALL,png_libpng,decode,allocated,128,8855290,47642681.25,185.86884213196964,993672,35421160,2.8053062067984222
phase2-palette-mana,candidate,0,ALL,png_libpng,decode,source_png,128,8855290,46563840.625,190.17524931664718,1129621,35421160,3.189113512939723
phase2-palette-mana,candidate,0,ALL,png_libpng,encode,allocated,128,8855290,287529043.75,30.797897438491376,993672,35421160,2.8053062067984222
phase2-palette-mana,candidate,0,ALL,png_stb,decode,allocated,128,8855290,37643343.75,235.24185467716322,1377810,35421160,3.889793558426658
phase2-palette-mana,candidate,0,ALL,png_stb,decode,source_png,128,8855290,32310771.875,274.0661855513162,1129621,35421160,3.189113512939723
phase2-palette-mana,candidate,0,ALL,png_stb,encode,allocated,128,8855290,414948540.625,21.34069440673792,1377810,35421160,3.889793558426658
phase2-palette-mana,candidate,0,ALL,qoi,decode,allocated,128,8855290,12101140.625,731.7731670439124,1941614,35421160,5.481508793049127
phase2-palette-mana,candidate,0,ALL,qoi,encode,allocated,128,8855290,41852378.125,211.58391462372845,1941614,35421160,5.481508793049127
phase2-palette-mana,candidate,0,ALL,rgi,decode,allocated,128,8855290,5615803.125,1576.8519306844469,1000184,35421160,2.8236906978766365
phase2-palette-mana,candidate,0,ALL,rgi,decode,palette_control,128,8855290,5639868.75,1570.1234182089788,1000184,35421160,2.8236906978766365
phase2-palette-mana,candidate,0,ALL,rgi,decode,reused,128,8855290,3461665.625,2558.100914209471,1000184,35421160,2.8236906978766365
phase2-palette-mana,candidate,0,ALL,rgi,decode,trusted_reused,128,8855290,2948531.25,3003.28850169046,1000184,35421160,2.8236906978766365
phase2-palette-mana,candidate,0,ALL,rgi,encode,allocated,128,8855290,247888971.875,35.722807404539765,1000184,35421160,2.8236906978766365
phase2-palette-mana,candidate,0,ALL,rgi,encode,palette_control,128,8855290,243896868.75,36.30751819563899,1000184,35421160,2.8236906978766365
phase2-palette-mana,candidate,0,ALL,rgi,encode,reused,128,8855290,247815318.75,35.73342457063099,1000184,35421160,2.8236906978766365
phase2-palette-mana,candidate,0,ALL,rgip_auto,decode,allocated,128,8855290,5358856.25,1652.458955210825,803945,35421160,2.269674398015198
phase2-palette-mana,candidate,0,ALL,rgip_auto,encode,allocated,128,8855290,434947515.625,20.359444948835602,803945,35421160,2.269674398015198
phase2-palette-mana,candidate,0,ALL,rgip_forced,decode,allocated,108,7054866,3987950.0,1769.0457503228477,462348,28219464,1.6384010695596487
phase2-palette-mana,candidate,0,ALL,rgip_forced,encode,allocated,108,7054866,188071862.5,37.511544290683034,462348,28219464,1.6384010695596487
phase2-palette-mana,candidate,1,ALL,png_libpng,decode,allocated,128,8855290,48755481.25,181.626553014488,993672,35421160,2.8053062067984222
phase2-palette-mana,candidate,1,ALL,png_libpng,decode,source_png,128,8855290,46730784.375,189.49585628477908,1129621,35421160,3.189113512939723
phase2-palette-mana,candidate,1,ALL,png_libpng,encode,allocated,128,8855290,289477465.625,30.590602211059412,993672,35421160,2.8053062067984222
phase2-palette-mana,candidate,1,ALL,png_stb,decode,allocated,128,8855290,38276518.75,231.35045425206022,1377810,35421160,3.889793558426658
phase2-palette-mana,candidate,1,ALL,png_stb,decode,source_png,128,8855290,33380743.75,265.28138696729906,1129621,35421160,3.189113512939723
phase2-palette-mana,candidate,1,ALL,png_stb,encode,allocated,128,8855290,412109834.375,21.487693962532607,1377810,35421160,3.889793558426658
phase2-palette-mana,candidate,1,ALL,qoi,decode,allocated,128,8855290,12738190.625,695.1764391577395,1941614,35421160,5.481508793049127
phase2-palette-mana,candidate,1,ALL,qoi,encode,allocated,128,8855290,42402328.125,208.83971214729144,1941614,35421160,5.481508793049127
phase2-palette-mana,candidate,1,ALL,rgi,decode,allocated,128,8855290,6218337.5,1424.0606914629514,1000184,35421160,2.8236906978766365
phase2-palette-mana,candidate,1,ALL,rgi,decode,palette_control,128,8855290,5630162.5,1572.8302691085737,1000184,35421160,2.8236906978766365
phase2-palette-mana,candidate,1,ALL,rgi,decode,reused,128,8855290,3464462.5,2556.035748691175,1000184,35421160,2.8236906978766365
phase2-palette-mana,candidate,1,ALL,rgi,decode,trusted_reused,128,8855290,2935184.375,3016.9450598823114,1000184,35421160,2.8236906978766365
phase2-palette-mana,candidate,1,ALL,rgi,encode,allocated,128,8855290,247895140.625,35.72191845985283,1000184,35421160,2.8236906978766365
phase2-palette-mana,candidate,1,ALL,rgi,encode,palette_control,128,8855290,244874156.25,36.162615670064206,1000184,35421160,2.8236906978766365
phase2-palette-mana,candidate,1,ALL,rgi,encode,reused,128,8855290,246325528.125,35.949542328825565,1000184,35421160,2.8236906978766365
phase2-palette-mana,candidate,1,ALL,rgip_auto,decode,allocated,128,8855290,5346606.25,1656.2450245891962,803945,35421160,2.269674398015198
phase2-palette-mana,candidate,1,ALL,rgip_auto,encode,allocated,128,8855290,437597303.125,20.236162190127757,803945,35421160,2.269674398015198
phase2-palette-mana,candidate,1,ALL,rgip_forced,decode,allocated,108,7054866,3951684.375,1785.2807386723541,462348,28219464,1.6384010695596487
phase2-palette-mana,candidate,1,ALL,rgip_forced,encode,allocated,108,7054866,189602368.75,37.208743996770345,462348,28219464,1.6384010695596487
phase2-palette-mana,candidate,2,ALL,png_libpng,decode,allocated,128,8855290,46156765.625,191.85248099801188,993672,35421160,2.8053062067984222
phase2-palette-mana,candidate,2,ALL,png_libpng,decode,source_png,128,8855290,45395956.25,195.06781509861906,1129621,35421160,3.189113512939723
phase2-palette-mana,candidate,2,ALL,png_libpng,encode,allocated,128,8855290,280087237.5,31.616185296554256,993672,35421160,2.8053062067984222
phase2-palette-mana,candidate,2,ALL,png_stb,decode,allocated,128,8855290,36548940.625,242.28581864676138,1377810,35421160,3.889793558426658
phase2-palette-mana,candidate,2,ALL,png_stb,decode,source_png,128,8855290,31127303.125,284.48625839634155,1129621,35421160,3.189113512939723
phase2-palette-mana,candidate,2,ALL,png_stb,encode,allocated,128,8855290,400411943.75,22.11544919731181,1377810,35421160,3.889793558426658
phase2-palette-mana,candidate,2,ALL,qoi,decode,allocated,128,8855290,11659484.375,759.4924196637127,1941614,35421160,5.481508793049127
phase2-palette-mana,candidate,2,ALL,qoi,encode,allocated,128,8855290,40740696.875,217.3573522114673,1941614,35421160,5.481508793049127
phase2-palette-mana,candidate,2,ALL,rgi,decode,allocated,128,8855290,5279806.25,1677.1998025495727,1000184,35421160,2.8236906978766365
phase2-palette-mana,candidate,2,ALL,rgi,decode,palette_control,128,8855290,5279718.75,1677.2275985344863,1000184,35421160,2.8236906978766365
phase2-palette-mana,candidate,2,ALL,rgi,decode,reused,128,8855290,3330981.25,2658.462877868196,1000184,35421160,2.8236906978766365
phase2-palette-mana,candidate,2,ALL,rgi,decode,trusted_reused,128,8855290,2821712.5,3138.267984424352,1000184,35421160,2.8236906978766365
phase2-palette-mana,candidate,2,ALL,rgi,encode,allocated,128,8855290,239688090.625,36.94505628923548,1000184,35421160,2.8236906978766365
phase2-palette-mana,candidate,2,ALL,rgi,encode,palette_control,128,8855290,239329712.5,37.000378713946766,1000184,35421160,2.8236906978766365
phase2-palette-mana,candidate,2,ALL,rgi,encode,reused,128,8855290,243414440.625,36.379476818478096,1000184,35421160,2.8236906978766365
phase2-palette-mana,candidate,2,ALL,rgip_auto,decode,allocated,128,8855290,4975493.75,1779.7811523730686,803945,35421160,2.269674398015198
phase2-palette-mana,candidate,2,ALL,rgip_auto,encode,allocated,128,8855290,429228478.125,20.63071406324806,803945,35421160,2.269674398015198
phase2-palette-mana,candidate,2,ALL,rgip_forced,decode,allocated,108,7054866,3857778.125,1828.7381418546458,462348,28219464,1.6384010695596487
phase2-palette-mana,candidate,2,ALL,rgip_forced,encode,allocated,108,7054866,185983053.125,37.93284324275715,462348,28219464,1.6384010695596487
phase2-palette-synthetic,candidate,0,ALL,png_libpng,decode,allocated,9,1411141,9534053.125,148.01060802773742,943289,5644564,16.711459025001755
phase2-palette-synthetic,candidate,0,ALL,png_libpng,encode,allocated,9,1411141,63623556.25,22.17953668693268,943289,5644564,16.711459025001755
phase2-palette-synthetic,candidate,0,ALL,png_stb,decode,allocated,9,1411141,5582178.125,252.79397546992465,1118061,5644564,19.807747772901504
phase2-palette-synthetic,candidate,0,ALL,png_stb,encode,allocated,9,1411141,107453356.25,13.132591193492852,1118061,5644564,19.807747772901504
phase2-palette-synthetic,candidate,0,ALL,qoi,decode,allocated,9,1411141,4784478.125,294.9414676234934,2712490,5644564,48.054907340938996
phase2-palette-synthetic,candidate,0,ALL,qoi,encode,allocated,9,1411141,7278478.125,193.8785795279147,2712490,5644564,48.054907340938996
phase2-palette-synthetic,candidate,0,ALL,rgi,decode,allocated,9,1411141,1742000.0,810.0694603903559,1474583,5644564,26.123948634473805
phase2-palette-synthetic,candidate,0,ALL,rgi,decode,palette_control,9,1411141,1656503.125,851.8794674776119,1474583,5644564,26.123948634473805
phase2-palette-synthetic,candidate,0,ALL,rgi,decode,reused,9,1411141,1211937.5,1164.3677994946108,1474583,5644564,26.123948634473805
phase2-palette-synthetic,candidate,0,ALL,rgi,decode,trusted_reused,9,1411141,1135906.25,1242.3041074032299,1474583,5644564,26.123948634473805
phase2-palette-synthetic,candidate,0,ALL,rgi,encode,allocated,9,1411141,151213487.5,9.332110669030103,1474583,5644564,26.123948634473805
phase2-palette-synthetic,candidate,0,ALL,rgi,encode,palette_control,9,1411141,150166456.25,9.39717853933175,1474583,5644564,26.123948634473805
phase2-palette-synthetic,candidate,0,ALL,rgi,encode,reused,9,1411141,150842581.25,9.35505736050244,1474583,5644564,26.123948634473805
phase2-palette-synthetic,candidate,0,ALL,rgip_auto,decode,allocated,9,1411141,1670600.0,844.6911289357117,1471045,5644564,26.061268859738327
phase2-palette-synthetic,candidate,0,ALL,rgip_auto,encode,allocated,9,1411141,158987546.875,8.875795794934017,1471045,5644564,26.061268859738327
phase2-palette-synthetic,candidate,0,ALL,rgip_forced,decode,allocated,4,591233,196000.0,3016.4948979591836,11884,2364932,0.5025091630541597
phase2-palette-synthetic,candidate,0,ALL,rgip_forced,encode,allocated,4,591233,7716000.0,76.62428719543806,11884,2364932,0.5025091630541597
phase2-palette-synthetic,candidate,1,ALL,png_libpng,decode,allocated,9,1411141,9242703.125,152.67622262832336,943289,5644564,16.711459025001755
phase2-palette-synthetic,candidate,1,ALL,png_libpng,encode,allocated,9,1411141,63610378.125,22.18413160863442,943289,5644564,16.711459025001755
phase2-palette-synthetic,candidate,1,ALL,png_stb,decode,allocated,9,1411141,5471037.5,257.9293232773491,1118061,5644564,19.807747772901504
phase2-palette-synthetic,candidate,1,ALL,png_stb,encode,allocated,9,1411141,105139475.0,13.421609723655173,1118061,5644564,19.807747772901504
phase2-palette-synthetic,candidate,1,ALL,qoi,decode,allocated,9,1411141,4572371.875,308.62341003267585,2712490,5644564,48.054907340938996
phase2-palette-synthetic,candidate,1,ALL,qoi,encode,allocated,9,1411141,7142075.0,197.58137516058008,2712490,5644564,48.054907340938996
phase2-palette-synthetic,candidate,1,ALL,rgi,decode,allocated,9,1411141,1847793.75,763.6896704515858,1474583,5644564,26.123948634473805
phase2-palette-synthetic,candidate,1,ALL,rgi,decode,palette_control,9,1411141,1707293.75,826.5367339393118,1474583,5644564,26.123948634473805
phase2-palette-synthetic,candidate,1,ALL,rgi,decode,reused,9,1411141,1194946.875,1180.9236289270182,1474583,5644564,26.123948634473805
phase2-palette-synthetic,candidate,1,ALL,rgi,decode,trusted_reused,9,1411141,1122612.5,1257.01522119164,1474583,5644564,26.123948634473805
phase2-palette-synthetic,candidate,1,ALL,rgi,encode,allocated,9,1411141,151277400.0,9.328167988080176,1474583,5644564,26.123948634473805
phase2-palette-synthetic,candidate,1,ALL,rgi,encode,palette_control,9,1411141,150674100.0,9.365518028645932,1474583,5644564,26.123948634473805
phase2-palette-synthetic,candidate,1,ALL,rgi,encode,reused,9,1411141,149896353.125,9.414111621669916,1474583,5644564,26.123948634473805
phase2-palette-synthetic,candidate,1,ALL,rgip_auto,decode,allocated,9,1411141,1811193.75,779.1220569306845,1471045,5644564,26.061268859738327
phase2-palette-synthetic,candidate,1,ALL,rgip_auto,encode,allocated,9,1411141,158573228.125,8.898986396919577,1471045,5644564,26.061268859738327
phase2-palette-synthetic,candidate,1,ALL,rgip_forced,decode,allocated,4,591233,322600.0,1832.7123372597644,11884,2364932,0.5025091630541597
phase2-palette-synthetic,candidate,1,ALL,rgip_forced,encode,allocated,4,591233,7759100.0,76.19865706074158,11884,2364932,0.5025091630541597
phase2-palette-synthetic,candidate,2,ALL,png_libpng,decode,allocated,9,1411141,9161515.625,154.0292084586168,943289,5644564,16.711459025001755
phase2-palette-synthetic,candidate,2,ALL,png_libpng,encode,allocated,9,1411141,63181365.625,22.33476573418082,943289,5644564,16.711459025001755
phase2-palette-synthetic,candidate,2,ALL,png_stb,decode,allocated,9,1411141,5522150.0,255.54195376800703,1118061,5644564,19.807747772901504
phase2-palette-synthetic,candidate,2,ALL,png_stb,encode,allocated,9,1411141,104693700.0,13.478757556567396,1118061,5644564,19.807747772901504
phase2-palette-synthetic,candidate,2,ALL,qoi,decode,allocated,9,1411141,4531071.875,311.4364633644219,2712490,5644564,48.054907340938996
phase2-palette-synthetic,candidate,2,ALL,qoi,encode,allocated,9,1411141,7088975.0,199.06135936436507,2712490,5644564,48.054907340938996
phase2-palette-synthetic,candidate,2,ALL,rgi,decode,allocated,9,1411141,1810600.0,779.3775544018557,1474583,5644564,26.123948634473805
phase2-palette-synthetic,candidate,2,ALL,rgi,decode,palette_control,9,1411141,1840093.75,766.8853828779104,1474583,5644564,26.123948634473805
phase2-palette-synthetic,candidate,2,ALL,rgi,decode,reused,9,1411141,1176118.75,1199.8286737627473,1474583,5644564,26.123948634473805
phase2-palette-synthetic,candidate,2,ALL,rgi,decode,trusted_reused,9,1411141,1105531.25,1276.4370070950051,1474583,5644564,26.123948634473805
phase2-palette-synthetic,candidate,2,ALL,rgi,encode,allocated,9,1411141,149245637.5,9.4551574413691,1474583,5644564,26.123948634473805
phase2-palette-synthetic,candidate,2,ALL,rgi,encode,palette_control,9,1411141,148978937.5,9.472083931327541,1474583,5644564,26.123948634473805
phase2-palette-synthetic,candidate,2,ALL,rgi,encode,reused,9,1411141,148826906.25,9.481759955619584,1474583,5644564,26.123948634473805
phase2-palette-synthetic,candidate,2,ALL,rgip_auto,decode,allocated,9,1411141,1868493.75,755.2291785830164,1471045,5644564,26.061268859738327
phase2-palette-synthetic,candidate,2,ALL,rgip_auto,encode,allocated,9,1411141,156765621.875,9.001597308912535,1471045,5644564,26.061268859738327
phase2-palette-synthetic,candidate,2,ALL,rgip_forced,decode,allocated,4,591233,381600.0,1549.3527253668763,11884,2364932,0.5025091630541597
phase2-palette-synthetic,candidate,2,ALL,rgip_forced,encode,allocated,4,591233,7844000.0,75.37391636919939,11884,2364932,0.5025091630541597
profile2-mana,baseline,0,ALL,png_libpng,decode,allocated,128,8855290,44814506.25,197.59874069794085,993672,35421160,2.8053062067984222
profile2-mana,baseline,0,ALL,png_libpng,decode,source_png,128,8855290,43892209.375,201.75083747421863,1129621,35421160,3.189113512939723
profile2-mana,baseline,0,ALL,png_libpng,encode,allocated,128,8855290,269615281.25,32.84416951051435,993672,35421160,2.8053062067984222
profile2-mana,baseline,0,ALL,png_stb,decode,allocated,128,8855290,34906131.25,253.68866966602036,1377810,35421160,3.889793558426658
profile2-mana,baseline,0,ALL,png_stb,decode,source_png,128,8855290,29808846.875,297.0691901345144,1129621,35421160,3.189113512939723
profile2-mana,baseline,0,ALL,png_stb,encode,allocated,128,8855290,383691162.5,23.07921282914615,1377810,35421160,3.889793558426658
profile2-mana,baseline,0,ALL,qoi,decode,allocated,128,8855290,11431462.5,774.6419148031147,1941614,35421160,5.481508793049127
profile2-mana,baseline,0,ALL,qoi,encode,allocated,128,8855290,40095821.875,220.8531858408252,1941614,35421160,5.481508793049127
profile2-mana,baseline,0,ALL,rgi,decode,allocated,128,8855290,5055337.5,1751.6713770346687,1000184,35421160,2.8236906978766365
profile2-mana,baseline,0,ALL,rgi,decode,reused,128,8855290,3157475.0,2804.5479378300697,1000184,35421160,2.8236906978766365
profile2-mana,baseline,0,ALL,rgi,decode,trusted_reused,128,8855290,2763706.25,3204.1357506790023,1000184,35421160,2.8236906978766365
profile2-mana,baseline,0,ALL,rgi,encode,allocated,128,8855290,231512415.625,38.249741276699616,1000184,35421160,2.8236906978766365
profile2-mana,baseline,0,ALL,rgi,encode,reused,128,8855290,232028100.0,38.16473090974757,1000184,35421160,2.8236906978766365
profile2-mana,baseline,1,ALL,png_libpng,decode,allocated,128,8855290,44950734.375,196.99989606677033,993672,35421160,2.8053062067984222
profile2-mana,baseline,1,ALL,png_libpng,decode,source_png,128,8855290,43866284.375,201.87007233844386,1129621,35421160,3.189113512939723
profile2-mana,baseline,1,ALL,png_libpng,encode,allocated,128,8855290,269931131.25,32.80573811176513,993672,35421160,2.8053062067984222
profile2-mana,baseline,1,ALL,png_stb,decode,allocated,128,8855290,34938565.625,253.4531639061814,1377810,35421160,3.889793558426658
profile2-mana,baseline,1,ALL,png_stb,decode,source_png,128,8855290,29789337.5,297.26374411649806,1129621,35421160,3.189113512939723
profile2-mana,baseline,1,ALL,png_stb,encode,allocated,128,8855290,384282821.875,23.04367901951251,1377810,35421160,3.889793558426658
profile2-mana,baseline,1,ALL,qoi,decode,allocated,128,8855290,11497325.0,770.2043736260391,1941614,35421160,5.481508793049127
profile2-mana,baseline,1,ALL,qoi,encode,allocated,128,8855290,40060481.25,221.04801848829513,1941614,35421160,5.481508793049127
profile2-mana,baseline,1,ALL,rgi,decode,allocated,128,8855290,5094315.625,1738.2688180024181,1000184,35421160,2.8236906978766365
profile2-mana,baseline,1,ALL,rgi,decode,reused,128,8855290,3140812.5,2819.426501900384,1000184,35421160,2.8236906978766365
profile2-mana,baseline,1,ALL,rgi,decode,trusted_reused,128,8855290,2765700.0,3201.82593918357,1000184,35421160,2.8236906978766365
profile2-mana,baseline,1,ALL,rgi,encode,allocated,128,8855290,231804903.125,38.20147840110533,1000184,35421160,2.8236906978766365
profile2-mana,baseline,1,ALL,rgi,encode,reused,128,8855290,232633440.625,38.065421618702416,1000184,35421160,2.8236906978766365
profile2-mana,baseline,2,ALL,png_libpng,decode,allocated,128,8855290,44830487.5,197.5283003558683,993672,35421160,2.8053062067984222
profile2-mana,baseline,2,ALL,png_libpng,decode,source_png,128,8855290,43980746.875,201.3446935125519,1129621,35421160,3.189113512939723
profile2-mana,baseline,2,ALL,png_libpng,encode,allocated,128,8855290,269672290.625,32.83722617357806,993672,35421160,2.8053062067984222
profile2-mana,baseline,2,ALL,png_stb,decode,allocated,128,8855290,34803859.375,254.43413917368179,1377810,35421160,3.889793558426658
profile2-mana,baseline,2,ALL,png_stb,decode,source_png,128,8855290,30154206.25,293.6668246739209,1129621,35421160,3.189113512939723
profile2-mana,baseline,2,ALL,png_stb,encode,allocated,128,8855290,383767653.125,23.074612797331497,1377810,35421160,3.889793558426658
profile2-mana,baseline,2,ALL,qoi,decode,allocated,128,8855290,11656653.125,759.6768905311318,1941614,35421160,5.481508793049127
profile2-mana,baseline,2,ALL,qoi,encode,allocated,128,8855290,40036828.125,221.1786101624403,1941614,35421160,5.481508793049127
profile2-mana,baseline,2,ALL,rgi,decode,allocated,128,8855290,5290287.5,1673.876892323905,1000184,35421160,2.8236906978766365
profile2-mana,baseline,2,ALL,rgi,decode,reused,128,8855290,3036634.375,2916.1528542599076,1000184,35421160,2.8236906978766365
profile2-mana,baseline,2,ALL,rgi,decode,trusted_reused,128,8855290,2767153.125,3200.144552896761,1000184,35421160,2.8236906978766365
profile2-mana,baseline,2,ALL,rgi,encode,allocated,128,8855290,231880521.875,38.18902048518602,1000184,35421160,2.8236906978766365
profile2-mana,baseline,2,ALL,rgi,encode,reused,128,8855290,232135421.875,38.14708642254686,1000184,35421160,2.8236906978766365
profile2-mana,candidate,0,ALL,png_libpng,decode,allocated,128,8855290,45006409.375,196.7561981276139,993672,35421160,2.8053062067984222
profile2-mana,candidate,0,ALL,png_libpng,decode,source_png,128,8855290,44057675.0,200.99313002785553,1129621,35421160,3.189113512939723
profile2-mana,candidate,0,ALL,png_libpng,encode,allocated,128,8855290,269229518.75,32.891229910873214,993672,35421160,2.8053062067984222
profile2-mana,candidate,0,ALL,png_stb,decode,allocated,128,8855290,34919956.25,253.58823294631134,1377810,35421160,3.889793558426658
profile2-mana,candidate,0,ALL,png_stb,decode,source_png,128,8855290,30062671.875,294.56097704223106,1129621,35421160,3.189113512939723
profile2-mana,candidate,0,ALL,png_stb,encode,allocated,128,8855290,382629312.5,23.143260881247826,1377810,35421160,3.889793558426658
profile2-mana,candidate,0,ALL,qoi,decode,allocated,128,8855290,11510803.125,769.3025329194829,1941614,35421160,5.481508793049127
profile2-mana,candidate,0,ALL,qoi,encode,allocated,128,8855290,40037500.0,221.17489853262566,1941614,35421160,5.481508793049127
profile2-mana,candidate,0,ALL,rgi,decode,allocated,128,8855290,4871812.5,1817.658212420942,803945,35421160,2.269674398015198
profile2-mana,candidate,0,ALL,rgi,decode,reused,128,8855290,2888662.5,3065.5329239743305,803945,35421160,2.269674398015198
profile2-mana,candidate,0,ALL,rgi,decode,trusted_reused,128,8855290,2496818.75,3546.629085511313,803945,35421160,2.269674398015198
profile2-mana,candidate,0,ALL,rgi,encode,allocated,128,8855290,415618800.0,21.306278734263223,803945,35421160,2.269674398015198
profile2-mana,candidate,0,ALL,rgi,encode,reused,128,8855290,419984665.625,21.084793624124355,803945,35421160,2.269674398015198
profile2-mana,candidate,1,ALL,png_libpng,decode,allocated,128,8855290,44938262.5,197.05457014498504,993672,35421160,2.8053062067984222
profile2-mana,candidate,1,ALL,png_libpng,decode,source_png,128,8855290,44063115.625,200.96831271222663,1129621,35421160,3.189113512939723
profile2-mana,candidate,1,ALL,png_libpng,encode,allocated,128,8855290,268990315.625,32.920478863429345,993672,35421160,2.8053062067984222
profile2-mana,candidate,1,ALL,png_stb,decode,allocated,128,8855290,34917471.875,253.60627572639808,1377810,35421160,3.889793558426658
profile2-mana,candidate,1,ALL,png_stb,decode,source_png,128,8855290,29984631.25,295.32762721569236,1129621,35421160,3.189113512939723
profile2-mana,candidate,1,ALL,png_stb,encode,allocated,128,8855290,382595418.75,23.145311119855116,1377810,35421160,3.889793558426658
profile2-mana,candidate,1,ALL,qoi,decode,allocated,128,8855290,11563684.375,765.7844777521437,1941614,35421160,5.481508793049127
profile2-mana,candidate,1,ALL,qoi,encode,allocated,128,8855290,40026403.125,221.2362168128241,1941614,35421160,5.481508793049127
profile2-mana,candidate,1,ALL,rgi,decode,allocated,128,8855290,4902243.75,1806.3748870096474,803945,35421160,2.269674398015198
profile2-mana,candidate,1,ALL,rgi,decode,reused,128,8855290,2816509.375,3144.065515492914,803945,35421160,2.269674398015198
profile2-mana,candidate,1,ALL,rgi,decode,trusted_reused,128,8855290,2490968.75,3554.958286811105,803945,35421160,2.269674398015198
profile2-mana,candidate,1,ALL,rgi,encode,allocated,128,8855290,415224987.5,21.326486282331455,803945,35421160,2.269674398015198
profile2-mana,candidate,1,ALL,rgi,encode,reused,128,8855290,419360556.25,21.11617286848732,803945,35421160,2.269674398015198
profile2-mana,candidate,2,ALL,png_libpng,decode,allocated,128,8855290,45090296.875,196.39014630018445,993672,35421160,2.8053062067984222
profile2-mana,candidate,2,ALL,png_libpng,decode,source_png,128,8855290,44181503.125,200.42980373361846,1129621,35421160,3.189113512939723
profile2-mana,candidate,2,ALL,png_libpng,encode,allocated,128,8855290,269226975.0,32.891540678641135,993672,35421160,2.8053062067984222
profile2-mana,candidate,2,ALL,png_stb,decode,allocated,128,8855290,34934250.0,253.48447440549032,1377810,35421160,3.889793558426658
profile2-mana,candidate,2,ALL,png_stb,decode,source_png,128,8855290,30079275.0,294.3983855993869,1129621,35421160,3.189113512939723
profile2-mana,candidate,2,ALL,png_stb,encode,allocated,128,8855290,382912703.125,23.126132739214018,1377810,35421160,3.889793558426658
profile2-mana,candidate,2,ALL,qoi,decode,allocated,128,8855290,11575593.75,764.9966119448517,1941614,35421160,5.481508793049127
profile2-mana,candidate,2,ALL,qoi,encode,allocated,128,8855290,40016790.625,221.2893603333538,1941614,35421160,5.481508793049127
profile2-mana,candidate,2,ALL,rgi,decode,allocated,128,8855290,4892928.125,1809.8140364569529,803945,35421160,2.269674398015198
profile2-mana,candidate,2,ALL,rgi,decode,reused,128,8855290,2758187.5,3210.5467811742315,803945,35421160,2.269674398015198
profile2-mana,candidate,2,ALL,rgi,decode,trusted_reused,128,8855290,2473231.25,3580.453708079259,803945,35421160,2.269674398015198
profile2-mana,candidate,2,ALL,rgi,encode,allocated,128,8855290,416026896.875,21.285378581329255,803945,35421160,2.269674398015198
profile2-mana,candidate,2,ALL,rgi,encode,reused,128,8855290,420124718.75,21.077764779818732,803945,35421160,2.269674398015198
profile2-synthetic,baseline,0,ALL,png_libpng,decode,allocated,9,1411141,9319812.5,151.41302467190192,943289,5644564,16.711459025001755
profile2-synthetic,baseline,0,ALL,png_libpng,encode,allocated,9,1411141,63295825.0,22.294377235781347,943289,5644564,16.711459025001755
profile2-synthetic,baseline,0,ALL,png_stb,decode,allocated,9,1411141,5540718.75,254.6855495958895,1118061,5644564,19.807747772901504
profile2-synthetic,baseline,0,ALL,png_stb,encode,allocated,9,1411141,102882184.375,13.7160870812819,1118061,5644564,19.807747772901504
profile2-synthetic,baseline,0,ALL,qoi,decode,allocated,9,1411141,4544862.5,310.49146151286203,2712490,5644564,48.054907340938996
profile2-synthetic,baseline,0,ALL,qoi,encode,allocated,9,1411141,7137971.875,197.6949509905431,2712490,5644564,48.054907340938996
profile2-synthetic,baseline,0,ALL,rgi,decode,allocated,9,1411141,1734581.25,813.5341022509035,1474583,5644564,26.123948634473805
profile2-synthetic,baseline,0,ALL,rgi,decode,reused,9,1411141,1192221.875,1183.622805109158,1474583,5644564,26.123948634473805
profile2-synthetic,baseline,0,ALL,rgi,decode,trusted_reused,9,1411141,1111406.25,1269.689638689723,1474583,5644564,26.123948634473805
profile2-synthetic,baseline,0,ALL,rgi,encode,allocated,9,1411141,149292046.875,9.45221818267069,1474583,5644564,26.123948634473805
profile2-synthetic,baseline,0,ALL,rgi,encode,reused,9,1411141,149262712.5,9.45407581280556,1474583,5644564,26.123948634473805
profile2-synthetic,baseline,1,ALL,png_libpng,decode,allocated,9,1411141,9240671.875,152.70978334570503,943289,5644564,16.711459025001755
profile2-synthetic,baseline,1,ALL,png_libpng,encode,allocated,9,1411141,62926875.0,22.425092617423,943289,5644564,16.711459025001755
profile2-synthetic,baseline,1,ALL,png_stb,decode,allocated,9,1411141,5503812.5,256.39336369107775,1118061,5644564,19.807747772901504
profile2-synthetic,baseline,1,ALL,png_stb,encode,allocated,9,1411141,102132253.125,13.816800832474536,1118061,5644564,19.807747772901504
profile2-synthetic,baseline,1,ALL,qoi,decode,allocated,9,1411141,4519278.125,312.24920462269625,2712490,5644564,48.054907340938996
profile2-synthetic,baseline,1,ALL,qoi,encode,allocated,9,1411141,7085978.125,199.14554844889534,2712490,5644564,48.054907340938996
profile2-synthetic,baseline,1,ALL,rgi,decode,allocated,9,1411141,1823809.375,773.7327263163126,1474583,5644564,26.123948634473805
profile2-synthetic,baseline,1,ALL,rgi,decode,reused,9,1411141,1163618.75,1212.7176534410432,1474583,5644564,26.123948634473805
profile2-synthetic,baseline,1,ALL,rgi,decode,trusted_reused,9,1411141,1105518.75,1276.4514396521995,1474583,5644564,26.123948634473805
profile2-synthetic,baseline,1,ALL,rgi,encode,allocated,9,1411141,148990203.125,9.471367716816111,1474583,5644564,26.123948634473805
profile2-synthetic,baseline,1,ALL,rgi,encode,reused,9,1411141,148361334.375,9.511514613593203,1474583,5644564,26.123948634473805
profile2-synthetic,baseline,2,ALL,png_libpng,decode,allocated,9,1411141,9316703.125,151.46355755539867,943289,5644564,16.711459025001755
profile2-synthetic,baseline,2,ALL,png_libpng,encode,allocated,9,1411141,63092109.375,22.366362671639553,943289,5644564,16.711459025001755
profile2-synthetic,baseline,2,ALL,png_stb,decode,allocated,9,1411141,5512321.875,255.99756908244768,1118061,5644564,19.807747772901504
profile2-synthetic,baseline,2,ALL,png_stb,encode,allocated,9,1411141,102420896.875,13.777862165396119,1118061,5644564,19.807747772901504
profile2-synthetic,baseline,2,ALL,qoi,decode,allocated,9,1411141,4524275.0,311.90433826414176,2712490,5644564,48.054907340938996
profile2-synthetic,baseline,2,ALL,qoi,encode,allocated,9,1411141,7088878.125,199.06407969173543,2712490,5644564,48.054907340938996
profile2-synthetic,baseline,2,ALL,rgi,decode,allocated,9,1411141,1824100.0,773.609451236226,1474583,5644564,26.123948634473805
profile2-synthetic,baseline,2,ALL,rgi,decode,reused,9,1411141,1162615.625,1213.7640073433556,1474583,5644564,26.123948634473805
profile2-synthetic,baseline,2,ALL,rgi,decode,trusted_reused,9,1411141,1107634.375,1274.0133674525946,1474583,5644564,26.123948634473805
profile2-synthetic,baseline,2,ALL,rgi,encode,allocated,9,1411141,149790840.625,9.420742911329128,1474583,5644564,26.123948634473805
profile2-synthetic,baseline,2,ALL,rgi,encode,reused,9,1411141,149002090.625,9.470612083903436,1474583,5644564,26.123948634473805
profile2-synthetic,candidate,0,ALL,png_libpng,decode,allocated,9,1411141,9284309.375,151.99202687060392,943289,5644564,16.711459025001755
profile2-synthetic,candidate,0,ALL,png_libpng,encode,allocated,9,1411141,63178471.875,22.335788728666525,943289,5644564,16.711459025001755
profile2-synthetic,candidate,0,ALL,png_stb,decode,allocated,9,1411141,5533500.0,255.01780066865456,1118061,5644564,19.807747772901504
profile2-synthetic,candidate,0,ALL,png_stb,encode,allocated,9,1411141,102280112.5,13.796826826916131,1118061,5644564,19.807747772901504
profile2-synthetic,candidate,0,ALL,qoi,decode,allocated,9,1411141,4529259.375,311.5610927007244,2712490,5644564,48.054907340938996
profile2-synthetic,candidate,0,ALL,qoi,encode,allocated,9,1411141,7106575.0,198.56836802538496,2712490,5644564,48.054907340938996
profile2-synthetic,candidate,0,ALL,rgi,decode,allocated,9,1411141,1853687.5,761.2615394989716,1471045,5644564,26.061268859738327
profile2-synthetic,candidate,0,ALL,rgi,decode,reused,9,1411141,1219215.625,1157.4170893684209,1471045,5644564,26.061268859738327
profile2-synthetic,candidate,0,ALL,rgi,decode,trusted_reused,9,1411141,1092059.375,1292.1834034893936,1471045,5644564,26.061268859738327
profile2-synthetic,candidate,0,ALL,rgi,encode,allocated,9,1411141,170490134.375,8.27696573278626,1471045,5644564,26.061268859738327
profile2-synthetic,candidate,0,ALL,rgi,encode,reused,9,1411141,170477265.625,8.277590532828562,1471045,5644564,26.061268859738327
profile2-synthetic,candidate,1,ALL,png_libpng,decode,allocated,9,1411141,9295431.25,151.81017018441185,943289,5644564,16.711459025001755
profile2-synthetic,candidate,1,ALL,png_libpng,encode,allocated,9,1411141,63021250.0,22.391510799928596,943289,5644564,16.711459025001755
profile2-synthetic,candidate,1,ALL,png_stb,decode,allocated,9,1411141,5609365.625,251.56873242685086,1118061,5644564,19.807747772901504
profile2-synthetic,candidate,1,ALL,png_stb,encode,allocated,9,1411141,102251478.125,13.800690472903616,1118061,5644564,19.807747772901504
profile2-synthetic,candidate,1,ALL,qoi,decode,allocated,9,1411141,4508665.625,312.98417699804475,2712490,5644564,48.054907340938996
profile2-synthetic,candidate,1,ALL,qoi,encode,allocated,9,1411141,7096368.75,198.85395611664063,2712490,5644564,48.054907340938996
profile2-synthetic,candidate,1,ALL,rgi,decode,allocated,9,1411141,1845793.75,764.5171623319236,1471045,5644564,26.061268859738327
profile2-synthetic,candidate,1,ALL,rgi,decode,reused,9,1411141,1201618.75,1174.366661638727,1471045,5644564,26.061268859738327
profile2-synthetic,candidate,1,ALL,rgi,decode,trusted_reused,9,1411141,1090012.5,1294.609924198117,1471045,5644564,26.061268859738327
profile2-synthetic,candidate,1,ALL,rgi,encode,allocated,9,1411141,169671937.5,8.316879153926088,1471045,5644564,26.061268859738327
profile2-synthetic,candidate,1,ALL,rgi,encode,reused,9,1411141,170157621.875,8.293140115913483,1471045,5644564,26.061268859738327
profile2-synthetic,candidate,2,ALL,png_libpng,decode,allocated,9,1411141,9265468.75,152.30109108079395,943289,5644564,16.711459025001755
profile2-synthetic,candidate,2,ALL,png_libpng,encode,allocated,9,1411141,63191303.125,22.331253356313816,943289,5644564,16.711459025001755
profile2-synthetic,candidate,2,ALL,png_stb,decode,allocated,9,1411141,5556000.0,253.98506119510438,1118061,5644564,19.807747772901504
profile2-synthetic,candidate,2,ALL,png_stb,encode,allocated,9,1411141,102162243.75,13.812744789094356,1118061,5644564,19.807747772901504
profile2-synthetic,candidate,2,ALL,qoi,decode,allocated,9,1411141,4477859.375,315.13740870882083,2712490,5644564,48.054907340938996
profile2-synthetic,candidate,2,ALL,qoi,encode,allocated,9,1411141,7068978.125,199.62446835270126,2712490,5644564,48.054907340938996
profile2-synthetic,candidate,2,ALL,rgi,decode,allocated,9,1411141,1702190.625,829.0146704338711,1471045,5644564,26.061268859738327
profile2-synthetic,candidate,2,ALL,rgi,decode,reused,9,1411141,1199550.0,1176.3919803259555,1471045,5644564,26.061268859738327
profile2-synthetic,candidate,2,ALL,rgi,decode,trusted_reused,9,1411141,1093434.375,1290.5584754457716,1471045,5644564,26.061268859738327
profile2-synthetic,candidate,2,ALL,rgi,encode,allocated,9,1411141,169510234.375,8.32481298372932,1471045,5644564,26.061268859738327
profile2-synthetic,candidate,2,ALL,rgi,encode,reused,9,1411141,170255181.25,8.288387992891112,1471045,5644564,26.061268859738327
profile2-scenes-d3d12,baseline,0,ALL,png_libpng,gpu_scene_batch,staged_premultiplied,16,8855290,86096800.0,102.8527192648275,993672,35421160,2.8053062067984222
profile2-scenes-d3d12,baseline,0,ALL,png_libpng,gpu_scene_batch,staged_rgba,16,8855290,69589100.0,127.25110685437805,993672,35421160,2.8053062067984222
profile2-scenes-d3d12,baseline,0,ALL,png_libpng,gpu_scene_single,staged_premultiplied,16,8855290,92485400.0,95.74797751861375,993672,35421160,2.8053062067984222
profile2-scenes-d3d12,baseline,0,ALL,png_libpng,gpu_scene_single,staged_rgba,16,8855290,67772200.0,130.66257255924995,993672,35421160,2.8053062067984222
profile2-scenes-d3d12,baseline,0,ALL,png_stb,gpu_scene_batch,staged_premultiplied,16,8855290,68572200.0,129.13819302866176,1377810,35421160,3.889793558426658
profile2-scenes-d3d12,baseline,0,ALL,png_stb,gpu_scene_batch,staged_rgba,16,8855290,56029700.0,158.04635755679578,1377810,35421160,3.889793558426658
profile2-scenes-d3d12,baseline,0,ALL,png_stb,gpu_scene_single,staged_premultiplied,16,8855290,81131800.0,109.14696826645039,1377810,35421160,3.889793558426658
profile2-scenes-d3d12,baseline,0,ALL,png_stb,gpu_scene_single,staged_rgba,16,8855290,60357900.0,146.71302348159892,1377810,35421160,3.889793558426658
profile2-scenes-d3d12,baseline,0,ALL,qoi,gpu_scene_batch,staged_premultiplied,16,8855290,40419400.0,219.08514228316105,1941614,35421160,5.481508793049127
profile2-scenes-d3d12,baseline,0,ALL,qoi,gpu_scene_batch,staged_rgba,16,8855290,30461900.0,290.7005144130865,1941614,35421160,5.481508793049127
profile2-scenes-d3d12,baseline,0,ALL,qoi,gpu_scene_single,staged_premultiplied,16,8855290,44242500.0,200.1534723399446,1941614,35421160,5.481508793049127
profile2-scenes-d3d12,baseline,0,ALL,qoi,gpu_scene_single,staged_rgba,16,8855290,31417900.0,281.8549298329933,1941614,35421160,5.481508793049127
profile2-scenes-d3d12,baseline,0,ALL,rgba8,gpu_scene_batch,staged_rgba,16,8855290,13276600.0,666.984770197189,35421160,35421160,100.0
profile2-scenes-d3d12,baseline,0,ALL,rgba8,gpu_scene_single,staged_rgba,16,8855290,16050100.0,551.7280266166566,35421160,35421160,100.0
profile2-scenes-d3d12,baseline,0,ALL,rgi,gpu_scene_batch,direct_tight_rgba,16,8855290,201753900.0,43.89154311267341,1000184,35421160,2.8236906978766365
profile2-scenes-d3d12,baseline,0,ALL,rgi,gpu_scene_batch,staged_premultiplied,16,8855290,33014800.0,268.2218277863261,1000184,35421160,2.8236906978766365
profile2-scenes-d3d12,baseline,0,ALL,rgi,gpu_scene_batch,staged_reused_premultiplied,16,8855290,28983100.0,305.53287950564294,1000184,35421160,2.8236906978766365
profile2-scenes-d3d12,baseline,0,ALL,rgi,gpu_scene_batch,staged_reused_rgba,16,8855290,15607600.0,567.370383659243,1000184,35421160,2.8236906978766365
profile2-scenes-d3d12,baseline,0,ALL,rgi,gpu_scene_batch,staged_rgba,16,8855290,20323600.0,435.71463717058003,1000184,35421160,2.8236906978766365
profile2-scenes-d3d12,baseline,0,ALL,rgi,gpu_scene_single,direct_tight_rgba,16,8855290,177806300.0,49.80301597862393,1000184,35421160,2.8236906978766365
profile2-scenes-d3d12,baseline,0,ALL,rgi,gpu_scene_single,staged_premultiplied,16,8855290,36698200.0,241.3003907548599,1000184,35421160,2.8236906978766365
profile2-scenes-d3d12,baseline,0,ALL,rgi,gpu_scene_single,staged_reused_premultiplied,16,8855290,33484900.0,264.4562175786698,1000184,35421160,2.8236906978766365
profile2-scenes-d3d12,baseline,0,ALL,rgi,gpu_scene_single,staged_reused_rgba,16,8855290,19533200.0,453.3455859766961,1000184,35421160,2.8236906978766365
profile2-scenes-d3d12,baseline,0,ALL,rgi,gpu_scene_single,staged_rgba,16,8855290,23413200.0,378.21784292621254,1000184,35421160,2.8236906978766365
profile2-scenes-d3d12,baseline,1,ALL,png_libpng,gpu_scene_batch,staged_premultiplied,16,8855290,85217500.0,103.91398480359081,993672,35421160,2.8053062067984222
profile2-scenes-d3d12,baseline,1,ALL,png_libpng,gpu_scene_batch,staged_rgba,16,8855290,63467400.0,139.52501599246227,993672,35421160,2.8053062067984222
profile2-scenes-d3d12,baseline,1,ALL,png_libpng,gpu_scene_single,staged_premultiplied,16,8855290,78854600.0,112.2989654376536,993672,35421160,2.8053062067984222
profile2-scenes-d3d12,baseline,1,ALL,png_libpng,gpu_scene_single,staged_rgba,16,8855290,67691900.0,130.81757196946754,993672,35421160,2.8053062067984222
profile2-scenes-d3d12,baseline,1,ALL,png_stb,gpu_scene_batch,staged_premultiplied,16,8855290,66765100.0,132.6335166127213,1377810,35421160,3.889793558426658
profile2-scenes-d3d12,baseline,1,ALL,png_stb,gpu_scene_batch,staged_rgba,16,8855290,53487900.0,165.55688295857567,1377810,35421160,3.889793558426658
profile2-scenes-d3d12,baseline,1,ALL,png_stb,gpu_scene_single,staged_premultiplied,16,8855290,71159000.0,124.44371056366728,1377810,35421160,3.889793558426658
profile2-scenes-d3d12,baseline,1,ALL,png_stb,gpu_scene_single,staged_rgba,16,8855290,59209400.0,149.55885383064177,1377810,35421160,3.889793558426658
profile2-scenes-d3d12,baseline,1,ALL,qoi,gpu_scene_batch,staged_premultiplied,16,8855290,38399000.0,230.61251595093623,1941614,35421160,5.481508793049127
profile2-scenes-d3d12,baseline,1,ALL,qoi,gpu_scene_batch,staged_rgba,16,8855290,25852600.0,342.52995830206635,1941614,35421160,5.481508793049127
profile2-scenes-d3d12,baseline,1,ALL,qoi,gpu_scene_single,staged_premultiplied,16,8855290,44215100.0,200.27750700552525,1941614,35421160,5.481508793049127
profile2-scenes-d3d12,baseline,1,ALL,qoi,gpu_scene_single,staged_rgba,16,8855290,31608500.0,280.15533796288975,1941614,35421160,5.481508793049127
profile2-scenes-d3d12,baseline,1,ALL,rgba8,gpu_scene_batch,staged_rgba,16,8855290,11550500.0,766.6585862083892,35421160,35421160,100.0
profile2-scenes-d3d12,baseline,1,ALL,rgba8,gpu_scene_single,staged_rgba,16,8855290,14724200.0,601.4106029529618,35421160,35421160,100.0
profile2-scenes-d3d12,baseline,1,ALL,rgi,gpu_scene_batch,direct_tight_rgba,16,8855290,178746400.0,49.54108166653986,1000184,35421160,2.8236906978766365
profile2-scenes-d3d12,baseline,1,ALL,rgi,gpu_scene_batch,staged_premultiplied,16,8855290,31006500.0,285.59463338332284,1000184,35421160,2.8236906978766365
profile2-scenes-d3d12,baseline,1,ALL,rgi,gpu_scene_batch,staged_reused_premultiplied,16,8855290,27808400.0,318.43939241380303,1000184,35421160,2.8236906978766365
profile2-scenes-d3d12,baseline,1,ALL,rgi,gpu_scene_batch,staged_reused_rgba,16,8855290,14027700.0,631.2716981401085,1000184,35421160,2.8236906978766365
profile2-scenes-d3d12,baseline,1,ALL,rgi,gpu_scene_batch,staged_rgba,16,8855290,19871400.0,445.6299002586632,1000184,35421160,2.8236906978766365
profile2-scenes-d3d12,baseline,1,ALL,rgi,gpu_scene_single,direct_tight_rgba,16,8855290,182696000.0,48.47008144677497,1000184,35421160,2.8236906978766365
profile2-scenes-d3d12,baseline,1,ALL,rgi,gpu_scene_single,staged_premultiplied,16,8855290,38201200.0,231.806592463064,1000184,35421160,2.8236906978766365
profile2-scenes-d3d12,baseline,1,ALL,rgi,gpu_scene_single,staged_reused_premultiplied,16,8855290,34991800.0,253.06757583205209,1000184,35421160,2.8236906978766365
profile2-scenes-d3d12,baseline,1,ALL,rgi,gpu_scene_single,staged_reused_rgba,16,8855290,22735800.0,389.48662461844316,1000184,35421160,2.8236906978766365
profile2-scenes-d3d12,baseline,1,ALL,rgi,gpu_scene_single,staged_rgba,16,8855290,22893500.0,386.8036778998406,1000184,35421160,2.8236906978766365
profile2-scenes-d3d12,baseline,2,ALL,png_libpng,gpu_scene_batch,staged_premultiplied,16,8855290,137194900.0,64.5453293088883,993672,35421160,2.8053062067984222
profile2-scenes-d3d12,baseline,2,ALL,png_libpng,gpu_scene_batch,staged_rgba,16,8855290,127969600.0,69.19838774208874,993672,35421160,2.8053062067984222
profile2-scenes-d3d12,baseline,2,ALL,png_libpng,gpu_scene_single,staged_premultiplied,16,8855290,143163900.0,61.85421045389236,993672,35421160,2.8053062067984222
profile2-scenes-d3d12,baseline,2,ALL,png_libpng,gpu_scene_single,staged_rgba,16,8855290,129760100.0,68.24355098369992,993672,35421160,2.8053062067984222
profile2-scenes-d3d12,baseline,2,ALL,png_stb,gpu_scene_batch,staged_premultiplied,16,8855290,120541300.0,73.46270531344858,1377810,35421160,3.889793558426658
profile2-scenes-d3d12,baseline,2,ALL,png_stb,gpu_scene_batch,staged_rgba,16,8855290,102928100.0,86.03374588669178,1377810,35421160,3.889793558426658
profile2-scenes-d3d12,baseline,2,ALL,png_stb,gpu_scene_single,staged_premultiplied,16,8855290,120867400.0,73.26450308354444,1377810,35421160,3.889793558426658
profile2-scenes-d3d12,baseline,2,ALL,png_stb,gpu_scene_single,staged_rgba,16,8855290,104685500.0,84.58946081357972,1377810,35421160,3.889793558426658
profile2-scenes-d3d12,baseline,2,ALL,qoi,gpu_scene_batch,staged_premultiplied,16,8855290,78070400.0,113.42698385047342,1941614,35421160,5.481508793049127
profile2-scenes-d3d12,baseline,2,ALL,qoi,gpu_scene_batch,staged_rgba,16,8855290,57459400.0,154.11386126551966,1941614,35421160,5.481508793049127
profile2-scenes-d3d12,baseline,2,ALL,qoi,gpu_scene_single,staged_premultiplied,16,8855290,88712900.0,99.81964291551736,1941614,35421160,5.481508793049127
profile2-scenes-d3d12,baseline,2,ALL,qoi,gpu_scene_single,staged_rgba,16,8855290,67607900.0,130.98010735431805,1941614,35421160,5.481508793049127
profile2-scenes-d3d12,baseline,2,ALL,rgba8,gpu_scene_batch,staged_rgba,16,8855290,32299600.0,274.1609803217377,35421160,35421160,100.0
profile2-scenes-d3d12,baseline,2,ALL,rgba8,gpu_scene_single,staged_rgba,16,8855290,44096000.0,200.8184415820029,35421160,35421160,100.0
profile2-scenes-d3d12,baseline,2,ALL,rgi,gpu_scene_batch,direct_tight_rgba,16,8855290,253083900.0,34.98954299345,1000184,35421160,2.8236906978766365
profile2-scenes-d3d12,baseline,2,ALL,rgi,gpu_scene_batch,staged_premultiplied,16,8855290,67115900.0,131.9402704873212,1000184,35421160,2.8236906978766365
profile2-scenes-d3d12,baseline,2,ALL,rgi,gpu_scene_batch,staged_reused_premultiplied,16,8855290,63038800.0,140.4736448028833,1000184,35421160,2.8236906978766365
profile2-scenes-d3d12,baseline,2,ALL,rgi,gpu_scene_batch,staged_reused_rgba,16,8855290,45180200.0,195.9993536991868,1000184,35421160,2.8236906978766365
profile2-scenes-d3d12,baseline,2,ALL,rgi,gpu_scene_batch,staged_rgba,16,8855290,42363600.0,209.03063006921036,1000184,35421160,2.8236906978766365
profile2-scenes-d3d12,baseline,2,ALL,rgi,gpu_scene_single,direct_tight_rgba,16,8855290,257541700.0,34.383907538080244,1000184,35421160,2.8236906978766365
profile2-scenes-d3d12,baseline,2,ALL,rgi,gpu_scene_single,staged_premultiplied,16,8855290,69041300.0,128.2607656576571,1000184,35421160,2.8236906978766365
profile2-scenes-d3d12,baseline,2,ALL,rgi,gpu_scene_single,staged_reused_premultiplied,16,8855290,70165700.0,126.20539665392064,1000184,35421160,2.8236906978766365
profile2-scenes-d3d12,baseline,2,ALL,rgi,gpu_scene_single,staged_reused_rgba,16,8855290,46786500.0,189.27019546236627,1000184,35421160,2.8236906978766365
profile2-scenes-d3d12,baseline,2,ALL,rgi,gpu_scene_single,staged_rgba,16,8855290,54086700.0,163.72398389992364,1000184,35421160,2.8236906978766365
profile2-scenes-d3d12,candidate,0,ALL,png_libpng,gpu_scene_batch,staged_premultiplied,16,8855290,74594100.0,118.71300813335102,993672,35421160,2.8053062067984222
profile2-scenes-d3d12,candidate,0,ALL,png_libpng,gpu_scene_batch,staged_rgba,16,8855290,65690900.0,134.8023851096575,993672,35421160,2.8053062067984222
profile2-scenes-d3d12,candidate,0,ALL,png_libpng,gpu_scene_single,staged_premultiplied,16,8855290,80681800.0,109.75573177593955,993672,35421160,2.8053062067984222
profile2-scenes-d3d12,candidate,0,ALL,png_libpng,gpu_scene_single,staged_rgba,16,8855290,76094500.0,116.37227394883993,993672,35421160,2.8053062067984222
profile2-scenes-d3d12,candidate,0,ALL,png_stb,gpu_scene_batch,staged_premultiplied,16,8855290,68980000.0,128.3747463032763,1377810,35421160,3.889793558426658
profile2-scenes-d3d12,candidate,0,ALL,png_stb,gpu_scene_batch,staged_rgba,16,8855290,60032100.0,147.50924921833484,1377810,35421160,3.889793558426658
profile2-scenes-d3d12,candidate,0,ALL,png_stb,gpu_scene_single,staged_premultiplied,16,8855290,75870100.0,116.7164666976846,1377810,35421160,3.889793558426658
profile2-scenes-d3d12,candidate,0,ALL,png_stb,gpu_scene_single,staged_rgba,16,8855290,60862100.0,145.49760852813162,1377810,35421160,3.889793558426658
profile2-scenes-d3d12,candidate,0,ALL,qoi,gpu_scene_batch,staged_premultiplied,16,8855290,40683800.0,217.66132957098404,1941614,35421160,5.481508793049127
profile2-scenes-d3d12,candidate,0,ALL,qoi,gpu_scene_batch,staged_rgba,16,8855290,26785700.0,330.5976696520905,1941614,35421160,5.481508793049127
profile2-scenes-d3d12,candidate,0,ALL,qoi,gpu_scene_single,staged_premultiplied,16,8855290,44818800.0,197.5798102581952,1941614,35421160,5.481508793049127
profile2-scenes-d3d12,candidate,0,ALL,qoi,gpu_scene_single,staged_rgba,16,8855290,32512300.0,272.3673809604365,1941614,35421160,5.481508793049127
profile2-scenes-d3d12,candidate,0,ALL,rgba8,gpu_scene_batch,staged_rgba,16,8855290,11868100.0,746.1421794558522,35421160,35421160,100.0
profile2-scenes-d3d12,candidate,0,ALL,rgba8,gpu_scene_single,staged_rgba,16,8855290,14990000.0,590.74649766511,35421160,35421160,100.0
profile2-scenes-d3d12,candidate,0,ALL,rgi,gpu_scene_batch,direct_tight_rgba,16,8855290,190722900.0,46.430135028357896,803945,35421160,2.269674398015198
profile2-scenes-d3d12,candidate,0,ALL,rgi,gpu_scene_batch,staged_premultiplied,16,8855290,31388300.0,282.1207265127452,803945,35421160,2.269674398015198
profile2-scenes-d3d12,candidate,0,ALL,rgi,gpu_scene_batch,staged_reused_premultiplied,16,8855290,27818700.0,318.3214887827253,803945,35421160,2.269674398015198
profile2-scenes-d3d12,candidate,0,ALL,rgi,gpu_scene_batch,staged_reused_rgba,16,8855290,13688900.0,646.8956599872889,803945,35421160,2.269674398015198
profile2-scenes-d3d12,candidate,0,ALL,rgi,gpu_scene_batch,staged_rgba,16,8855290,20154300.0,439.37472400430676,803945,35421160,2.269674398015198
profile2-scenes-d3d12,candidate,0,ALL,rgi,gpu_scene_single,direct_tight_rgba,16,8855290,196606200.0,45.04074642610457,803945,35421160,2.269674398015198
profile2-scenes-d3d12,candidate,0,ALL,rgi,gpu_scene_single,staged_premultiplied,16,8855290,36633200.0,241.72854132317133,803945,35421160,2.269674398015198
profile2-scenes-d3d12,candidate,0,ALL,rgi,gpu_scene_single,staged_reused_premultiplied,16,8855290,32505700.0,272.4226827910182,803945,35421160,2.269674398015198
profile2-scenes-d3d12,candidate,0,ALL,rgi,gpu_scene_single,staged_reused_rgba,16,8855290,18506200.0,478.50396083474726,803945,35421160,2.269674398015198
profile2-scenes-d3d12,candidate,0,ALL,rgi,gpu_scene_single,staged_rgba,16,8855290,22762000.0,389.0383094631403,803945,35421160,2.269674398015198
profile2-scenes-d3d12,candidate,1,ALL,png_libpng,gpu_scene_batch,staged_premultiplied,16,8855290,73587500.0,120.33687786648548,993672,35421160,2.8053062067984222
profile2-scenes-d3d12,candidate,1,ALL,png_libpng,gpu_scene_batch,staged_rgba,16,8855290,65167100.0,135.88589947995231,993672,35421160,2.8053062067984222
profile2-scenes-d3d12,candidate,1,ALL,png_libpng,gpu_scene_single,staged_premultiplied,16,8855290,84377900.0,104.9479780843088,993672,35421160,2.8053062067984222
profile2-scenes-d3d12,candidate,1,ALL,png_libpng,gpu_scene_single,staged_rgba,16,8855290,69697400.0,127.05337645306712,993672,35421160,2.8053062067984222
profile2-scenes-d3d12,candidate,1,ALL,png_stb,gpu_scene_batch,staged_premultiplied,16,8855290,74671800.0,118.58948090175943,1377810,35421160,3.889793558426658
profile2-scenes-d3d12,candidate,1,ALL,png_stb,gpu_scene_batch,staged_rgba,16,8855290,58949100.0,150.21925695218417,1377810,35421160,3.889793558426658
profile2-scenes-d3d12,candidate,1,ALL,png_stb,gpu_scene_single,staged_premultiplied,16,8855290,72211600.0,122.62974369768845,1377810,35421160,3.889793558426658
profile2-scenes-d3d12,candidate,1,ALL,png_stb,gpu_scene_single,staged_rgba,16,8855290,59827400.0,148.0139534728235,1377810,35421160,3.889793558426658
profile2-scenes-d3d12,candidate,1,ALL,qoi,gpu_scene_batch,staged_premultiplied,16,8855290,41360200.0,214.10172097813842,1941614,35421160,5.481508793049127
profile2-scenes-d3d12,candidate,1,ALL,qoi,gpu_scene_batch,staged_rgba,16,8855290,28738200.0,308.1365569172739,1941614,35421160,5.481508793049127
profile2-scenes-d3d12,candidate,1,ALL,qoi,gpu_scene_single,staged_premultiplied,16,8855290,45086000.0,196.4088630617043,1941614,35421160,5.481508793049127
profile2-scenes-d3d12,candidate,1,ALL,qoi,gpu_scene_single,staged_rgba,16,8855290,35103500.0,252.2623100260658,1941614,35421160,5.481508793049127
profile2-scenes-d3d12,candidate,1,ALL,rgba8,gpu_scene_batch,staged_rgba,16,8855290,11571600.0,765.2606381140032,35421160,35421160,100.0
profile2-scenes-d3d12,candidate,1,ALL,rgba8,gpu_scene_single,staged_rgba,16,8855290,14857000.0,596.0348657198626,35421160,35421160,100.0
profile2-scenes-d3d12,candidate,1,ALL,rgi,gpu_scene_batch,direct_tight_rgba,16,8855290,203318600.0,43.55376242016225,803945,35421160,2.269674398015198
profile2-scenes-d3d12,candidate,1,ALL,rgi,gpu_scene_batch,staged_premultiplied,16,8855290,30677300.0,288.65936702382544,803945,35421160,2.269674398015198
profile2-scenes-d3d12,candidate,1,ALL,rgi,gpu_scene_batch,staged_reused_premultiplied,16,8855290,28087700.0,315.27287745169593,803945,35421160,2.269674398015198
profile2-scenes-d3d12,candidate,1,ALL,rgi,gpu_scene_batch,staged_reused_rgba,16,8855290,13538400.0,654.086893576789,803945,35421160,2.269674398015198
profile2-scenes-d3d12,candidate,1,ALL,rgi,gpu_scene_batch,staged_rgba,16,8855290,19223300.0,460.6539980128282,803945,35421160,2.269674398015198
profile2-scenes-d3d12,candidate,1,ALL,rgi,gpu_scene_single,direct_tight_rgba,16,8855290,188137000.0,47.068306606356,803945,35421160,2.269674398015198
profile2-scenes-d3d12,candidate,1,ALL,rgi,gpu_scene_single,staged_premultiplied,16,8855290,37870900.0,233.828348415274,803945,35421160,2.269674398015198
profile2-scenes-d3d12,candidate,1,ALL,rgi,gpu_scene_single,staged_reused_premultiplied,16,8855290,33380700.0,265.2817346550552,803945,35421160,2.269674398015198
profile2-scenes-d3d12,candidate,1,ALL,rgi,gpu_scene_single,staged_reused_rgba,16,8855290,19031700.0,465.29159244838877,803945,35421160,2.269674398015198
profile2-scenes-d3d12,candidate,1,ALL,rgi,gpu_scene_single,staged_rgba,16,8855290,25631800.0,345.4806139248902,803945,35421160,2.269674398015198
profile2-scenes-d3d12,candidate,2,ALL,png_libpng,gpu_scene_batch,staged_premultiplied,16,8855290,155544000.0,56.931093452656484,993672,35421160,2.8053062067984222
profile2-scenes-d3d12,candidate,2,ALL,png_libpng,gpu_scene_batch,staged_rgba,16,8855290,137420000.0,64.43960122252948,993672,35421160,2.8053062067984222
profile2-scenes-d3d12,candidate,2,ALL,png_libpng,gpu_scene_single,staged_premultiplied,16,8855290,149842400.0,59.09735829111119,993672,35421160,2.8053062067984222
profile2-scenes-d3d12,candidate,2,ALL,png_libpng,gpu_scene_single,staged_rgba,16,8855290,136466900.0,64.88965456092284,993672,35421160,2.8053062067984222
profile2-scenes-d3d12,candidate,2,ALL,png_stb,gpu_scene_batch,staged_premultiplied,16,8855290,136082700.0,65.07285643215486,1377810,35421160,3.889793558426658
profile2-scenes-d3d12,candidate,2,ALL,png_stb,gpu_scene_batch,staged_rgba,16,8855290,117558700.0,75.32653899711379,1377810,35421160,3.889793558426658
profile2-scenes-d3d12,candidate,2,ALL,png_stb,gpu_scene_single,staged_premultiplied,16,8855290,131583900.0,67.29767091566673,1377810,35421160,3.889793558426658
profile2-scenes-d3d12,candidate,2,ALL,png_stb,gpu_scene_single,staged_rgba,16,8855290,117956100.0,75.07276012007857,1377810,35421160,3.889793558426658
profile2-scenes-d3d12,candidate,2,ALL,qoi,gpu_scene_batch,staged_premultiplied,16,8855290,96234000.0,92.01830953716981,1941614,35421160,5.481508793049127
profile2-scenes-d3d12,candidate,2,ALL,qoi,gpu_scene_batch,staged_rgba,16,8855290,78051000.0,113.45517674341136,1941614,35421160,5.481508793049127
profile2-scenes-d3d12,candidate,2,ALL,qoi,gpu_scene_single,staged_premultiplied,16,8855290,98554100.0,89.85207109597673,1941614,35421160,5.481508793049127
profile2-scenes-d3d12,candidate,2,ALL,qoi,gpu_scene_single,staged_rgba,16,8855290,74347700.0,119.10644175946263,1941614,35421160,5.481508793049127
profile2-scenes-d3d12,candidate,2,ALL,rgba8,gpu_scene_batch,staged_rgba,16,8855290,41536800.0,213.19143506481,35421160,35421160,100.0
profile2-scenes-d3d12,candidate,2,ALL,rgba8,gpu_scene_single,staged_rgba,16,8855290,48960000.0,180.86785130718954,35421160,35421160,100.0
profile2-scenes-d3d12,candidate,2,ALL,rgi,gpu_scene_batch,direct_tight_rgba,16,8855290,291336600.0,30.395391447555852,803945,35421160,2.269674398015198
profile2-scenes-d3d12,candidate,2,ALL,rgi,gpu_scene_batch,staged_premultiplied,16,8855290,77113700.0,114.83419937053986,803945,35421160,2.269674398015198
profile2-scenes-d3d12,candidate,2,ALL,rgi,gpu_scene_batch,staged_reused_premultiplied,16,8855290,70525500.0,125.56153448043615,803945,35421160,2.269674398015198
profile2-scenes-d3d12,candidate,2,ALL,rgi,gpu_scene_batch,staged_reused_rgba,16,8855290,51966800.0,170.40283411716712,803945,35421160,2.269674398015198
profile2-scenes-d3d12,candidate,2,ALL,rgi,gpu_scene_batch,staged_rgba,16,8855290,58010900.0,152.64872636004614,803945,35421160,2.269674398015198
profile2-scenes-d3d12,candidate,2,ALL,rgi,gpu_scene_single,direct_tight_rgba,16,8855290,267360500.0,33.12116038083412,803945,35421160,2.269674398015198
profile2-scenes-d3d12,candidate,2,ALL,rgi,gpu_scene_single,staged_premultiplied,16,8855290,79131600.0,111.90586314443281,803945,35421160,2.269674398015198
profile2-scenes-d3d12,candidate,2,ALL,rgi,gpu_scene_single,staged_reused_premultiplied,16,8855290,77406400.0,114.39997209533063,803945,35421160,2.269674398015198
profile2-scenes-d3d12,candidate,2,ALL,rgi,gpu_scene_single,staged_reused_rgba,16,8855290,56209300.0,157.5413677096139,803945,35421160,2.269674398015198
profile2-scenes-d3d12,candidate,2,ALL,rgi,gpu_scene_single,staged_rgba,16,8855290,55169800.0,160.50973539871453,803945,35421160,2.269674398015198
profile2-scenes-vulkan,baseline,0,ALL,png_libpng,gpu_scene_batch,staged_premultiplied,16,8855290,98763400.0,89.661656038573,993672,35421160,2.8053062067984222
profile2-scenes-vulkan,baseline,0,ALL,png_libpng,gpu_scene_batch,staged_rgba,16,8855290,86050000.0,102.90865775711795,993672,35421160,2.8053062067984222
profile2-scenes-vulkan,baseline,0,ALL,png_libpng,gpu_scene_single,staged_premultiplied,16,8855290,101409200.0,87.32235339594435,993672,35421160,2.8053062067984222
profile2-scenes-vulkan,baseline,0,ALL,png_libpng,gpu_scene_single,staged_rgba,16,8855290,89894100.0,98.50802221725341,993672,35421160,2.8053062067984222
profile2-scenes-vulkan,baseline,0,ALL,png_stb,gpu_scene_batch,staged_premultiplied,16,8855290,80573300.0,109.9035288364756,1377810,35421160,3.889793558426658
profile2-scenes-vulkan,baseline,0,ALL,png_stb,gpu_scene_batch,staged_rgba,16,8855290,70427600.0,125.73607506148157,1377810,35421160,3.889793558426658
profile2-scenes-vulkan,baseline,0,ALL,png_stb,gpu_scene_single,staged_premultiplied,16,8855290,86311800.0,102.59651635118257,1377810,35421160,3.889793558426658
profile2-scenes-vulkan,baseline,0,ALL,png_stb,gpu_scene_single,staged_rgba,16,8855290,74019100.0,119.63520226536124,1377810,35421160,3.889793558426658
profile2-scenes-vulkan,baseline,0,ALL,qoi,gpu_scene_batch,staged_premultiplied,16,8855290,52607600.0,168.32719987226182,1941614,35421160,5.481508793049127
profile2-scenes-vulkan,baseline,0,ALL,qoi,gpu_scene_batch,staged_rgba,16,8855290,42701900.0,207.3746133076046,1941614,35421160,5.481508793049127
profile2-scenes-vulkan,baseline,0,ALL,qoi,gpu_scene_single,staged_premultiplied,16,8855290,57613400.0,153.70191656802064,1941614,35421160,5.481508793049127
profile2-scenes-vulkan,baseline,0,ALL,qoi,gpu_scene_single,staged_rgba,16,8855290,44494800.0,199.01853699758175,1941614,35421160,5.481508793049127
profile2-scenes-vulkan,baseline,0,ALL,rgba8,gpu_scene_batch,staged_rgba,16,8855290,21836500.0,405.5269846358162,35421160,35421160,100.0
profile2-scenes-vulkan,baseline,0,ALL,rgba8,gpu_scene_single,staged_rgba,16,8855290,28967900.0,305.6931983333276,35421160,35421160,100.0
profile2-scenes-vulkan,baseline,0,ALL,rgi,gpu_scene_batch,direct_tight_rgba,16,8855290,26069800.0,339.6761770324283,1000184,35421160,2.8236906978766365
profile2-scenes-vulkan,baseline,0,ALL,rgi,gpu_scene_batch,staged_premultiplied,16,8855290,45144600.0,196.1539143109032,1000184,35421160,2.8236906978766365
profile2-scenes-vulkan,baseline,0,ALL,rgi,gpu_scene_batch,staged_reused_premultiplied,16,8855290,44421500.0,199.34693785666852,1000184,35421160,2.8236906978766365
profile2-scenes-vulkan,baseline,0,ALL,rgi,gpu_scene_batch,staged_reused_rgba,16,8855290,30944200.0,286.169621447638,1000184,35421160,2.8236906978766365
profile2-scenes-vulkan,baseline,0,ALL,rgi,gpu_scene_batch,staged_rgba,16,8855290,28194900.0,314.0741765354727,1000184,35421160,2.8236906978766365
profile2-scenes-vulkan,baseline,0,ALL,rgi,gpu_scene_single,direct_tight_rgba,16,8855290,30328800.0,291.9762733771201,1000184,35421160,2.8236906978766365
profile2-scenes-vulkan,baseline,0,ALL,rgi,gpu_scene_single,staged_premultiplied,16,8855290,43147900.0,205.23107729460762,1000184,35421160,2.8236906978766365
profile2-scenes-vulkan,baseline,0,ALL,rgi,gpu_scene_single,staged_reused_premultiplied,16,8855290,44761200.0,197.83406164267268,1000184,35421160,2.8236906978766365
profile2-scenes-vulkan,baseline,0,ALL,rgi,gpu_scene_single,staged_reused_rgba,16,8855290,31797200.0,278.4927603688375,1000184,35421160,2.8236906978766365
profile2-scenes-vulkan,baseline,0,ALL,rgi,gpu_scene_single,staged_rgba,16,8855290,32407900.0,273.2447952505408,1000184,35421160,2.8236906978766365
profile2-scenes-vulkan,baseline,1,ALL,png_libpng,gpu_scene_batch,staged_premultiplied,16,8855290,72379800.0,122.34477022594702,993672,35421160,2.8053062067984222
profile2-scenes-vulkan,baseline,1,ALL,png_libpng,gpu_scene_batch,staged_rgba,16,8855290,64680900.0,136.90734049773582,993672,35421160,2.8053062067984222
profile2-scenes-vulkan,baseline,1,ALL,png_libpng,gpu_scene_single,staged_premultiplied,16,8855290,75530800.0,117.24078124420767,993672,35421160,2.8053062067984222
profile2-scenes-vulkan,baseline,1,ALL,png_libpng,gpu_scene_single,staged_rgba,16,8855290,62035900.0,142.7446043339421,993672,35421160,2.8053062067984222
profile2-scenes-vulkan,baseline,1,ALL,png_stb,gpu_scene_batch,staged_premultiplied,16,8855290,66298000.0,133.56798093456817,1377810,35421160,3.889793558426658
profile2-scenes-vulkan,baseline,1,ALL,png_stb,gpu_scene_batch,staged_rgba,16,8855290,54037200.0,163.87396090100893,1377810,35421160,3.889793558426658
profile2-scenes-vulkan,baseline,1,ALL,png_stb,gpu_scene_single,staged_premultiplied,16,8855290,68131700.0,129.97312557884214,1377810,35421160,3.889793558426658
profile2-scenes-vulkan,baseline,1,ALL,png_stb,gpu_scene_single,staged_rgba,16,8855290,53525500.0,165.4405843943541,1377810,35421160,3.889793558426658
profile2-scenes-vulkan,baseline,1,ALL,qoi,gpu_scene_batch,staged_premultiplied,16,8855290,34799000.0,254.4696686686399,1941614,35421160,5.481508793049127
profile2-scenes-vulkan,baseline,1,ALL,qoi,gpu_scene_batch,staged_rgba,16,8855290,23078800.0,383.69802589389394,1941614,35421160,5.481508793049127
profile2-scenes-vulkan,baseline,1,ALL,qoi,gpu_scene_single,staged_premultiplied,16,8855290,39044000.0,226.80283782399346,1941614,35421160,5.481508793049127
profile2-scenes-vulkan,baseline,1,ALL,qoi,gpu_scene_single,staged_rgba,16,8855290,27498700.0,322.0257684908741,1941614,35421160,5.481508793049127
profile2-scenes-vulkan,baseline,1,ALL,rgba8,gpu_scene_batch,staged_rgba,16,8855290,11699000.0,756.9270877852808,35421160,35421160,100.0
profile2-scenes-vulkan,baseline,1,ALL,rgba8,gpu_scene_single,staged_rgba,16,8855290,14020100.0,631.6138971904622,35421160,35421160,100.0
profile2-scenes-vulkan,baseline,1,ALL,rgi,gpu_scene_batch,direct_tight_rgba,16,8855290,12706100.0,696.9321821802126,1000184,35421160,2.8236906978766365
profile2-scenes-vulkan,baseline,1,ALL,rgi,gpu_scene_batch,staged_premultiplied,16,8855290,27838000.0,318.10079747108267,1000184,35421160,2.8236906978766365
profile2-scenes-vulkan,baseline,1,ALL,rgi,gpu_scene_batch,staged_reused_premultiplied,16,8855290,25124700.0,352.45356163456677,1000184,35421160,2.8236906978766365
profile2-scenes-vulkan,baseline,1,ALL,rgi,gpu_scene_batch,staged_reused_rgba,16,8855290,13814900.0,640.9955917161905,1000184,35421160,2.8236906978766365
profile2-scenes-vulkan,baseline,1,ALL,rgi,gpu_scene_batch,staged_rgba,16,8855290,17804600.0,497.35967109623357,1000184,35421160,2.8236906978766365
profile2-scenes-vulkan,baseline,1,ALL,rgi,gpu_scene_single,direct_tight_rgba,16,8855290,15396400.0,575.1532825855395,1000184,35421160,2.8236906978766365
profile2-scenes-vulkan,baseline,1,ALL,rgi,gpu_scene_single,staged_premultiplied,16,8855290,31569000.0,280.5058760176122,1000184,35421160,2.8236906978766365
profile2-scenes-vulkan,baseline,1,ALL,rgi,gpu_scene_single,staged_reused_premultiplied,16,8855290,30714500.0,288.3097559784467,1000184,35421160,2.8236906978766365
profile2-scenes-vulkan,baseline,1,ALL,rgi,gpu_scene_single,staged_reused_rgba,16,8855290,16493600.0,536.8924916331183,1000184,35421160,2.8236906978766365
profile2-scenes-vulkan,baseline,1,ALL,rgi,gpu_scene_single,staged_rgba,16,8855290,19368100.0,457.21005157965936,1000184,35421160,2.8236906978766365
profile2-scenes-vulkan,baseline,2,ALL,png_libpng,gpu_scene_batch,staged_premultiplied,16,8855290,78044700.0,113.46433518227374,993672,35421160,2.8053062067984222
profile2-scenes-vulkan,baseline,2,ALL,png_libpng,gpu_scene_batch,staged_rgba,16,8855290,58504100.0,151.3618703646411,993672,35421160,2.8053062067984222
profile2-scenes-vulkan,baseline,2,ALL,png_libpng,gpu_scene_single,staged_premultiplied,16,8855290,77330100.0,114.51284816649661,993672,35421160,2.8053062067984222
profile2-scenes-vulkan,baseline,2,ALL,png_libpng,gpu_scene_single,staged_rgba,16,8855290,60744200.0,145.78000862633797,993672,35421160,2.8053062067984222
profile2-scenes-vulkan,baseline,2,ALL,png_stb,gpu_scene_batch,staged_premultiplied,16,8855290,60678200.0,145.93857431499288,1377810,35421160,3.889793558426658
profile2-scenes-vulkan,baseline,2,ALL,png_stb,gpu_scene_batch,staged_rgba,16,8855290,49028000.0,180.61699437056376,1377810,35421160,3.889793558426658
profile2-scenes-vulkan,baseline,2,ALL,png_stb,gpu_scene_single,staged_premultiplied,16,8855290,68591000.0,129.10279774314415,1377810,35421160,3.889793558426658
profile2-scenes-vulkan,baseline,2,ALL,png_stb,gpu_scene_single,staged_rgba,16,8855290,50945100.0,173.82024964128053,1377810,35421160,3.889793558426658
profile2-scenes-vulkan,baseline,2,ALL,qoi,gpu_scene_batch,staged_premultiplied,16,8855290,35424800.0,249.97431178157674,1941614,35421160,5.481508793049127
profile2-scenes-vulkan,baseline,2,ALL,qoi,gpu_scene_batch,staged_rgba,16,8855290,23835600.0,371.5152964473309,1941614,35421160,5.481508793049127
profile2-scenes-vulkan,baseline,2,ALL,qoi,gpu_scene_single,staged_premultiplied,16,8855290,41091400.0,215.50227054809523,1941614,35421160,5.481508793049127
profile2-scenes-vulkan,baseline,2,ALL,qoi,gpu_scene_single,staged_rgba,16,8855290,26171500.0,338.3562271937031,1941614,35421160,5.481508793049127
profile2-scenes-vulkan,baseline,2,ALL,rgba8,gpu_scene_batch,staged_rgba,16,8855290,10067000.0,879.6354425350154,35421160,35421160,100.0
profile2-scenes-vulkan,baseline,2,ALL,rgba8,gpu_scene_single,staged_rgba,16,8855290,12572700.0,704.326835126902,35421160,35421160,100.0
profile2-scenes-vulkan,baseline,2,ALL,rgi,gpu_scene_batch,direct_tight_rgba,16,8855290,13213800.0,670.154686766865,1000184,35421160,2.8236906978766365
profile2-scenes-vulkan,baseline,2,ALL,rgi,gpu_scene_batch,staged_premultiplied,16,8855290,28245000.0,313.517082669499,1000184,35421160,2.8236906978766365
profile2-scenes-vulkan,baseline,2,ALL,rgi,gpu_scene_batch,staged_reused_premultiplied,16,8855290,25340100.0,349.45757909400515,1000184,35421160,2.8236906978766365
profile2-scenes-vulkan,baseline,2,ALL,rgi,gpu_scene_batch,staged_reused_rgba,16,8855290,13270200.0,667.3064460219138,1000184,35421160,2.8236906978766365
profile2-scenes-vulkan,baseline,2,ALL,rgi,gpu_scene_batch,staged_rgba,16,8855290,16808400.0,526.8371766497703,1000184,35421160,2.8236906978766365
profile2-scenes-vulkan,baseline,2,ALL,rgi,gpu_scene_single,direct_tight_rgba,16,8855290,13456300.0,658.0776290659394,1000184,35421160,2.8236906978766365
profile2-scenes-vulkan,baseline,2,ALL,rgi,gpu_scene_single,staged_premultiplied,16,8855290,32707100.0,270.74518988231915,1000184,35421160,2.8236906978766365
profile2-scenes-vulkan,baseline,2,ALL,rgi,gpu_scene_single,staged_reused_premultiplied,16,8855290,26694400.0,331.72837748741307,1000184,35421160,2.8236906978766365
profile2-scenes-vulkan,baseline,2,ALL,rgi,gpu_scene_single,staged_reused_rgba,16,8855290,15049100.0,588.4265504249423,1000184,35421160,2.8236906978766365
profile2-scenes-vulkan,baseline,2,ALL,rgi,gpu_scene_single,staged_rgba,16,8855290,20243200.0,437.44516677205183,1000184,35421160,2.8236906978766365
profile2-scenes-vulkan,candidate,0,ALL,png_libpng,gpu_scene_batch,staged_premultiplied,16,8855290,75294000.0,117.60950407735012,993672,35421160,2.8053062067984222
profile2-scenes-vulkan,candidate,0,ALL,png_libpng,gpu_scene_batch,staged_rgba,16,8855290,59891800.0,147.85479815266865,993672,35421160,2.8053062067984222
profile2-scenes-vulkan,candidate,0,ALL,png_libpng,gpu_scene_single,staged_premultiplied,16,8855290,74967500.0,118.12171941174509,993672,35421160,2.8053062067984222
profile2-scenes-vulkan,candidate,0,ALL,png_libpng,gpu_scene_single,staged_rgba,16,8855290,62390800.0,141.93262468184412,993672,35421160,2.8053062067984222
profile2-scenes-vulkan,candidate,0,ALL,png_stb,gpu_scene_batch,staged_premultiplied,16,8855290,60734900.0,145.80233111440046,1377810,35421160,3.889793558426658
profile2-scenes-vulkan,candidate,0,ALL,png_stb,gpu_scene_batch,staged_rgba,16,8855290,51132300.0,173.18387790105277,1377810,35421160,3.889793558426658
profile2-scenes-vulkan,candidate,0,ALL,png_stb,gpu_scene_single,staged_premultiplied,16,8855290,65665300.0,134.85493860532122,1377810,35421160,3.889793558426658
profile2-scenes-vulkan,candidate,0,ALL,png_stb,gpu_scene_single,staged_rgba,16,8855290,52514400.0,168.62593879012232,1377810,35421160,3.889793558426658
profile2-scenes-vulkan,candidate,0,ALL,qoi,gpu_scene_batch,staged_premultiplied,16,8855290,36770900.0,240.82331408804245,1941614,35421160,5.481508793049127
profile2-scenes-vulkan,candidate,0,ALL,qoi,gpu_scene_batch,staged_rgba,16,8855290,26248200.0,337.3675147248192,1941614,35421160,5.481508793049127
profile2-scenes-vulkan,candidate,0,ALL,qoi,gpu_scene_single,staged_premultiplied,16,8855290,38047900.0,232.74057175297455,1941614,35421160,5.481508793049127
profile2-scenes-vulkan,candidate,0,ALL,qoi,gpu_scene_single,staged_rgba,16,8855290,27025500.0,327.66424302973115,1941614,35421160,5.481508793049127
profile2-scenes-vulkan,candidate,0,ALL,rgba8,gpu_scene_batch,staged_rgba,16,8855290,11967700.0,739.9324849386264,35421160,35421160,100.0
profile2-scenes-vulkan,candidate,0,ALL,rgba8,gpu_scene_single,staged_rgba,16,8855290,14646800.0,604.5887156238905,35421160,35421160,100.0
profile2-scenes-vulkan,candidate,0,ALL,rgi,gpu_scene_batch,direct_tight_rgba,16,8855290,11018700.0,803.6601413959904,803945,35421160,2.269674398015198
profile2-scenes-vulkan,candidate,0,ALL,rgi,gpu_scene_batch,staged_premultiplied,16,8855290,29617600.0,298.9874263951164,803945,35421160,2.269674398015198
profile2-scenes-vulkan,candidate,0,ALL,rgi,gpu_scene_batch,staged_reused_premultiplied,16,8855290,24467000.0,361.9279028896064,803945,35421160,2.269674398015198
profile2-scenes-vulkan,candidate,0,ALL,rgi,gpu_scene_batch,staged_reused_rgba,16,8855290,12498500.0,708.5082209865184,803945,35421160,2.269674398015198
profile2-scenes-vulkan,candidate,0,ALL,rgi,gpu_scene_batch,staged_rgba,16,8855290,19732900.0,448.7576585296637,803945,35421160,2.269674398015198
profile2-scenes-vulkan,candidate,0,ALL,rgi,gpu_scene_single,direct_tight_rgba,16,8855290,14781100.0,599.0954665079054,803945,35421160,2.269674398015198
profile2-scenes-vulkan,candidate,0,ALL,rgi,gpu_scene_single,staged_premultiplied,16,8855290,40506200.0,218.61566871244403,803945,35421160,2.269674398015198
profile2-scenes-vulkan,candidate,0,ALL,rgi,gpu_scene_single,staged_reused_premultiplied,16,8855290,26563400.0,333.3643283615802,803945,35421160,2.269674398015198
profile2-scenes-vulkan,candidate,0,ALL,rgi,gpu_scene_single,staged_reused_rgba,16,8855290,15222400.0,581.7275856632332,803945,35421160,2.269674398015198
profile2-scenes-vulkan,candidate,0,ALL,rgi,gpu_scene_single,staged_rgba,16,8855290,23185600.0,381.9305948519771,803945,35421160,2.269674398015198
profile2-scenes-vulkan,candidate,1,ALL,png_libpng,gpu_scene_batch,staged_premultiplied,16,8855290,69554100.0,127.31514030085933,993672,35421160,2.8053062067984222
profile2-scenes-vulkan,candidate,1,ALL,png_libpng,gpu_scene_batch,staged_rgba,16,8855290,57939700.0,152.83631085421567,993672,35421160,2.8053062067984222
profile2-scenes-vulkan,candidate,1,ALL,png_libpng,gpu_scene_single,staged_premultiplied,16,8855290,72358200.0,122.38129196138102,993672,35421160,2.8053062067984222
profile2-scenes-vulkan,candidate,1,ALL,png_libpng,gpu_scene_single,staged_rgba,16,8855290,62031800.0,142.7540390573867,993672,35421160,2.8053062067984222
profile2-scenes-vulkan,candidate,1,ALL,png_stb,gpu_scene_batch,staged_premultiplied,16,8855290,62369400.0,141.98132417499608,1377810,35421160,3.889793558426658
profile2-scenes-vulkan,candidate,1,ALL,png_stb,gpu_scene_batch,staged_rgba,16,8855290,50760900.0,174.45100461181735,1377810,35421160,3.889793558426658
profile2-scenes-vulkan,candidate,1,ALL,png_stb,gpu_scene_single,staged_premultiplied,16,8855290,66367600.0,133.42790759346428,1377810,35421160,3.889793558426658
profile2-scenes-vulkan,candidate,1,ALL,png_stb,gpu_scene_single,staged_rgba,16,8855290,53869900.0,164.3828928585351,1377810,35421160,3.889793558426658
profile2-scenes-vulkan,candidate,1,ALL,qoi,gpu_scene_batch,staged_premultiplied,16,8855290,35601700.0,248.73222346123922,1941614,35421160,5.481508793049127
profile2-scenes-vulkan,candidate,1,ALL,qoi,gpu_scene_batch,staged_rgba,16,8855290,24841700.0,356.46876018952,1941614,35421160,5.481508793049127
profile2-scenes-vulkan,candidate,1,ALL,qoi,gpu_scene_single,staged_premultiplied,16,8855290,39239200.0,225.6745805215193,1941614,35421160,5.481508793049127
profile2-scenes-vulkan,candidate,1,ALL,qoi,gpu_scene_single,staged_rgba,16,8855290,25915400.0,341.69991588013306,1941614,35421160,5.481508793049127
profile2-scenes-vulkan,candidate,1,ALL,rgba8,gpu_scene_batch,staged_rgba,16,8855290,9787800.0,904.7273135944747,35421160,35421160,100.0
profile2-scenes-vulkan,candidate,1,ALL,rgba8,gpu_scene_single,staged_rgba,16,8855290,10741000.0,824.4381342519318,35421160,35421160,100.0
profile2-scenes-vulkan,candidate,1,ALL,rgi,gpu_scene_batch,direct_tight_rgba,16,8855290,11424100.0,775.1411489745362,803945,35421160,2.269674398015198
profile2-scenes-vulkan,candidate,1,ALL,rgi,gpu_scene_batch,staged_premultiplied,16,8855290,36370100.0,243.477196928246,803945,35421160,2.269674398015198
profile2-scenes-vulkan,candidate,1,ALL,rgi,gpu_scene_batch,staged_reused_premultiplied,16,8855290,25492800.0,347.36435385677527,803945,35421160,2.269674398015198
profile2-scenes-vulkan,candidate,1,ALL,rgi,gpu_scene_batch,staged_reused_rgba,16,8855290,13467100.0,657.5498808206667,803945,35421160,2.269674398015198
profile2-scenes-vulkan,candidate,1,ALL,rgi,gpu_scene_batch,staged_rgba,16,8855290,17132700.0,516.8648257425858,803945,35421160,2.269674398015198
profile2-scenes-vulkan,candidate,1,ALL,rgi,gpu_scene_single,direct_tight_rgba,16,8855290,13594400.0,651.3924851409404,803945,35421160,2.269674398015198
profile2-scenes-vulkan,candidate,1,ALL,rgi,gpu_scene_single,staged_premultiplied,16,8855290,29332400.0,301.89449209747585,803945,35421160,2.269674398015198
profile2-scenes-vulkan,candidate,1,ALL,rgi,gpu_scene_single,staged_reused_premultiplied,16,8855290,27720400.0,319.45029653251754,803945,35421160,2.269674398015198
profile2-scenes-vulkan,candidate,1,ALL,rgi,gpu_scene_single,staged_reused_rgba,16,8855290,16519000.0,536.0669532053998,803945,35421160,2.269674398015198
profile2-scenes-vulkan,candidate,1,ALL,rgi,gpu_scene_single,staged_rgba,16,8855290,18576100.0,476.7033984528507,803945,35421160,2.269674398015198
profile2-scenes-vulkan,candidate,2,ALL,png_libpng,gpu_scene_batch,staged_premultiplied,16,8855290,70681900.0,125.28370063623078,993672,35421160,2.8053062067984222
profile2-scenes-vulkan,candidate,2,ALL,png_libpng,gpu_scene_batch,staged_rgba,16,8855290,59944900.0,147.72382638055947,993672,35421160,2.8053062067984222
profile2-scenes-vulkan,candidate,2,ALL,png_libpng,gpu_scene_single,staged_premultiplied,16,8855290,72790700.0,121.65413988325432,993672,35421160,2.8053062067984222
profile2-scenes-vulkan,candidate,2,ALL,png_libpng,gpu_scene_single,staged_rgba,16,8855290,62920400.0,140.73798005098504,993672,35421160,2.8053062067984222
profile2-scenes-vulkan,candidate,2,ALL,png_stb,gpu_scene_batch,staged_premultiplied,16,8855290,61728600.0,143.45522172866387,1377810,35421160,3.889793558426658
profile2-scenes-vulkan,candidate,2,ALL,png_stb,gpu_scene_batch,staged_rgba,16,8855290,50613800.0,174.95801540291382,1377810,35421160,3.889793558426658
profile2-scenes-vulkan,candidate,2,ALL,png_stb,gpu_scene_single,staged_premultiplied,16,8855290,64842300.0,136.5665622595127,1377810,35421160,3.889793558426658
profile2-scenes-vulkan,candidate,2,ALL,png_stb,gpu_scene_single,staged_rgba,16,8855290,54024700.0,163.9118773449922,1377810,35421160,3.889793558426658
profile2-scenes-vulkan,candidate,2,ALL,qoi,gpu_scene_batch,staged_premultiplied,16,8855290,36614900.0,241.84935640954913,1941614,35421160,5.481508793049127
profile2-scenes-vulkan,candidate,2,ALL,qoi,gpu_scene_batch,staged_rgba,16,8855290,25799000.0,343.2415985115702,1941614,35421160,5.481508793049127
profile2-scenes-vulkan,candidate,2,ALL,qoi,gpu_scene_single,staged_premultiplied,16,8855290,39955100.0,221.63103083210905,1941614,35421160,5.481508793049127
profile2-scenes-vulkan,candidate,2,ALL,qoi,gpu_scene_single,staged_rgba,16,8855290,28461300.0,311.1344176126881,1941614,35421160,5.481508793049127
profile2-scenes-vulkan,candidate,2,ALL,rgba8,gpu_scene_batch,staged_rgba,16,8855290,12648600.0,700.1004063690843,35421160,35421160,100.0
profile2-scenes-vulkan,candidate,2,ALL,rgba8,gpu_scene_single,staged_rgba,16,8855290,12687400.0,697.9593927833914,35421160,35421160,100.0
profile2-scenes-vulkan,candidate,2,ALL,rgi,gpu_scene_batch,direct_tight_rgba,16,8855290,12009600.0,737.3509525712764,803945,35421160,2.269674398015198
profile2-scenes-vulkan,candidate,2,ALL,rgi,gpu_scene_batch,staged_premultiplied,16,8855290,30777600.0,287.71866552297774,803945,35421160,2.269674398015198
profile2-scenes-vulkan,candidate,2,ALL,rgi,gpu_scene_batch,staged_reused_premultiplied,16,8855290,26046300.0,339.9826462875725,803945,35421160,2.269674398015198
profile2-scenes-vulkan,candidate,2,ALL,rgi,gpu_scene_batch,staged_reused_rgba,16,8855290,14623600.0,605.5478815066058,803945,35421160,2.269674398015198
profile2-scenes-vulkan,candidate,2,ALL,rgi,gpu_scene_batch,staged_rgba,16,8855290,19445100.0,455.3995608148068,803945,35421160,2.269674398015198
profile2-scenes-vulkan,candidate,2,ALL,rgi,gpu_scene_single,direct_tight_rgba,16,8855290,14589500.0,606.9632269783064,803945,35421160,2.269674398015198
profile2-scenes-vulkan,candidate,2,ALL,rgi,gpu_scene_single,staged_premultiplied,16,8855290,31449000.0,281.57620274094563,803945,35421160,2.269674398015198
profile2-scenes-vulkan,candidate,2,ALL,rgi,gpu_scene_single,staged_reused_premultiplied,16,8855290,28553600.0,310.12867029026114,803945,35421160,2.269674398015198
profile2-scenes-vulkan,candidate,2,ALL,rgi,gpu_scene_single,staged_reused_rgba,16,8855290,16674000.0,531.0837231618088,803945,35421160,2.269674398015198
profile2-scenes-vulkan,candidate,2,ALL,rgi,gpu_scene_single,staged_rgba,16,8855290,19961800.0,443.61179853520224,803945,35421160,2.269674398015198
profile2-full-corpus,candidate,0,ALL,png_libpng,decode,allocated,2847,1294839636,13654402375.0,94.82946235499377,1228176592,5179358544,23.712909264078167
profile2-full-corpus,candidate,0,ALL,png_libpng,decode,source_png,2847,1294839636,11865394606.25,109.12739769463325,1138722336,5179358544,21.985779249037446
profile2-full-corpus,candidate,0,ALL,png_libpng,encode,preparation_single,2847,1294839636,238531220800.0,5.428386404334371,1228176592,5179358544,23.712909264078167
profile2-full-corpus,candidate,0,ALL,png_stb,decode,allocated,2847,1294839636,15797279078.125,81.96599107962878,1747669990,5179358544,33.7429813972732
profile2-full-corpus,candidate,0,ALL,png_stb,decode,source_png,2847,1294839636,12875158709.375,100.56882910943592,1138722336,5179358544,21.985779249037446
profile2-full-corpus,candidate,0,ALL,png_stb,encode,preparation_single,2847,1294839636,144102038900.0,8.985574707229212,1747669990,5179358544,33.7429813972732
profile2-full-corpus,candidate,0,ALL,qoi,decode,allocated,2847,1294839636,4319516887.5,299.7649204120631,1344553132,5179358544,25.959838859921955
profile2-full-corpus,candidate,0,ALL,qoi,encode,preparation_single,2847,1294839636,8518519800.0,152.0028909247825,1344553132,5179358544,25.959838859921955
profile2-full-corpus,candidate,0,ALL,rgi,decode,allocated,2847,1294839636,3541290690.625,365.6405952292707,1285053471,5179358544,24.811054498025886
profile2-full-corpus,candidate,0,ALL,rgi,decode,reused,2847,1294839636,3183454643.75,406.7404065398348,1285053471,5179358544,24.811054498025886
profile2-full-corpus,candidate,0,ALL,rgi,decode,trusted_reused,2847,1294839636,3033565340.625,426.83756260652245,1285053471,5179358544,24.811054498025886
profile2-full-corpus,candidate,0,ALL,rgi,encode,preparation_single,2847,1294839636,263723084700.0,4.909845634002627,1285053471,5179358544,24.811054498025886
profile2-full-corpus,candidate,0,icon_512,png_libpng,decode,allocated,213,55836672,329249600.0,169.5876684436367,11150590,223346688,4.992502955763553
profile2-full-corpus,candidate,0,icon_512,png_libpng,decode,source_png,213,55836672,326274200.0,171.13419326443832,11154424,223346688,4.994219569533084
profile2-full-corpus,candidate,0,icon_512,png_libpng,encode,preparation_single,213,55836672,2768600000.0,20.167836451636205,11150590,223346688,4.992502955763553
profile2-full-corpus,candidate,0,icon_512,png_stb,decode,allocated,213,55836672,305876900.0,182.54622039127506,15128470,223346688,6.773536753766414
profile2-full-corpus,candidate,0,icon_512,png_stb,decode,source_png,213,55836672,275883400.0,202.39228601648378,11154424,223346688,4.994219569533084
profile2-full-corpus,candidate,0,icon_512,png_stb,encode,preparation_single,213,55836672,2899411200.0,19.25793485242797,15128470,223346688,6.773536753766414
profile2-full-corpus,candidate,0,icon_512,qoi,decode,allocated,213,55836672,100019800.0,558.2561852753155,18658484,223346688,8.354045527641762
profile2-full-corpus,candidate,0,icon_512,qoi,encode,preparation_single,213,55836672,279508300.0,199.76749169881538,18658484,223346688,8.354045527641762
profile2-full-corpus,candidate,0,icon_512,rgi,decode,allocated,213,55836672,74674100.0,747.7381314270946,18042459,223346688,8.07822993103887
profile2-full-corpus,candidate,0,icon_512,rgi,decode,reused,213,55836672,56930000.0,980.7952222027051,18042459,223346688,8.07822993103887
profile2-full-corpus,candidate,0,icon_512,rgi,decode,trusted_reused,213,55836672,52728300.0,1058.950734235695,18042459,223346688,8.07822993103887
profile2-full-corpus,candidate,0,icon_512,rgi,encode,preparation_single,213,55836672,3642553000.0,15.328993703042894,18042459,223346688,8.07822993103887
profile2-full-corpus,candidate,0,icon_64,png_libpng,decode,allocated,213,872448,11839300.0,73.69084320863564,824285,3489792,23.619889093676644
profile2-full-corpus,candidate,0,icon_64,png_libpng,decode,source_png,213,872448,11712100.0,74.49116725437796,828119,3489792,23.729752374926644
profile2-full-corpus,candidate,0,icon_64,png_libpng,encode,preparation_single,213,872448,84590000.0,10.313843243882255,824285,3489792,23.619889093676644
profile2-full-corpus,candidate,0,icon_64,png_stb,decode,allocated,213,872448,9377100.0,93.04027897750903,972106,3489792,27.855700282423708
profile2-full-corpus,candidate,0,icon_64,png_stb,decode,source_png,213,872448,9634200.0,90.55738930061655,828119,3489792,23.729752374926644
profile2-full-corpus,candidate,0,icon_64,png_stb,encode,preparation_single,213,872448,89223800.0,9.778198193755477,972106,3489792,27.855700282423708
profile2-full-corpus,candidate,0,icon_64,qoi,decode,allocated,213,872448,2436700.0,358.04489678663765,1001738,3489792,28.704805329372064
profile2-full-corpus,candidate,0,icon_64,qoi,encode,preparation_single,213,872448,6127700.0,142.37772736915971,1001738,3489792,28.704805329372064
profile2-full-corpus,candidate,0,icon_64,rgi,decode,allocated,213,872448,2086100.0,418.2196443123532,992054,3489792,28.427310280956572
profile2-full-corpus,candidate,0,icon_64,rgi,decode,reused,213,872448,2029900.0,429.79851224198234,992054,3489792,28.427310280956572
profile2-full-corpus,candidate,0,icon_64,rgi,decode,trusted_reused,213,872448,2009000.0,434.26978596316576,992054,3489792,28.427310280956572
profile2-full-corpus,candidate,0,icon_64,rgi,encode,preparation_single,213,872448,53878000.0,16.193028694457848,992054,3489792,28.427310280956572
profile2-full-corpus,candidate,0,photo_kodak,png_libpng,decode,allocated,24,9437184,147329400.0,64.05499513335424,17633593,37748736,46.71306875016954
profile2-full-corpus,candidate,0,photo_kodak,png_libpng,decode,source_png,24,9437184,126828100.0,74.40925157752895,15394305,37748736,40.780981381734215
profile2-full-corpus,candidate,0,photo_kodak,png_libpng,encode,preparation_single,24,9437184,3080190600.0,3.0638311797977695,17633593,37748736,46.71306875016954
profile2-full-corpus,candidate,0,photo_kodak,png_stb,decode,allocated,24,9437184,179372800.0,52.612124023263284,24069699,37748736,63.76292705535889
profile2-full-corpus,candidate,0,photo_kodak,png_stb,decode,source_png,24,9437184,142911900.0,66.03497679339509,15394305,37748736,40.780981381734215
profile2-full-corpus,candidate,0,photo_kodak,png_stb,encode,preparation_single,24,9437184,1712516800.0,5.510710318287097,24069699,37748736,63.76292705535889
profile2-full-corpus,candidate,0,photo_kodak,qoi,decode,allocated,24,9437184,46670600.0,202.20832815519836,16501520,37748736,43.71409946017795
profile2-full-corpus,candidate,0,photo_kodak,qoi,encode,preparation_single,24,9437184,80253600.0,117.59203325458297,16501520,37748736,43.71409946017795
profile2-full-corpus,candidate,0,photo_kodak,rgi,decode,allocated,24,9437184,42527300.0,221.90884443639732,16501523,37748736,43.71410740746392
profile2-full-corpus,candidate,0,photo_kodak,rgi,decode,reused,24,9437184,39939400.0,236.2875756771509,16501523,37748736,43.71410740746392
profile2-full-corpus,candidate,0,photo_kodak,rgi,decode,trusted_reused,24,9437184,38133400.0,247.47816874446025,16501523,37748736,43.71410740746392
profile2-full-corpus,candidate,0,photo_kodak,rgi,encode,preparation_single,24,9437184,2570052000.0,3.67198173422172,16501523,37748736,43.71410740746392
profile2-full-corpus,candidate,0,photo_tecnick,png_libpng,decode,allocated,100,144000000,2225653500.0,64.7000981958782,247240373,576000000,42.923675868055554
profile2-full-corpus,candidate,0,photo_tecnick,png_libpng,decode,source_png,100,144000000,1652086900.0,87.1624852179386,237834256,576000000,41.29066944444445
profile2-full-corpus,candidate,0,photo_tecnick,png_libpng,encode,preparation_single,100,144000000,54459840000.0,2.644150258245342,247240373,576000000,42.923675868055554
profile2-full-corpus,candidate,0,photo_tecnick,png_stb,decode,allocated,100,144000000,2831037100.0,50.86475200201368,361785290,576000000,62.809946180555556
profile2-full-corpus,candidate,0,photo_tecnick,png_stb,decode,source_png,100,144000000,2262671600.0,63.64158192465933,237834256,576000000,41.29066944444445
profile2-full-corpus,candidate,0,photo_tecnick,png_stb,encode,preparation_single,100,144000000,25826925300.0,5.575576586346497,361785290,576000000,62.809946180555556
profile2-full-corpus,candidate,0,photo_tecnick,qoi,decode,allocated,100,144000000,735878900.0,195.68437143665895,258843443,576000000,44.93809774305556
profile2-full-corpus,candidate,0,photo_tecnick,qoi,encode,preparation_single,100,144000000,1181366900.0,121.89269904210114,258843443,576000000,44.93809774305556
profile2-full-corpus,candidate,0,photo_tecnick,rgi,decode,allocated,100,144000000,668983700.0,215.25188132386484,258844373,576000000,44.93825920138889
profile2-full-corpus,candidate,0,photo_tecnick,rgi,decode,reused,100,144000000,626395700.0,229.88663555640628,258844373,576000000,44.93825920138889
profile2-full-corpus,candidate,0,photo_tecnick,rgi,decode,trusted_reused,100,144000000,603368400.0,238.66016185136644,258844373,576000000,44.93825920138889
profile2-full-corpus,candidate,0,photo_tecnick,rgi,encode,preparation_single,100,144000000,46120234500.0,3.1222738037032314,258844373,576000000,44.93825920138889
profile2-full-corpus,candidate,0,photo_wikipedia,png_libpng,decode,allocated,49,53140448,824996700.0,64.41292189411182,102673940,212561792,48.303102375049605
profile2-full-corpus,candidate,0,photo_wikipedia,png_libpng,decode,source_png,49,53140448,689723300.0,77.0460386070762,88339751,212561792,41.55956259533228
profile2-full-corpus,candidate,0,photo_wikipedia,png_libpng,encode,preparation_single,49,53140448,19544777100.0,2.7189078559509383,102673940,212561792,48.303102375049605
profile2-full-corpus,candidate,0,photo_wikipedia,png_stb,decode,allocated,49,53140448,1076069600.0,49.3838391122656,145205551,212561792,68.31215978834051
profile2-full-corpus,candidate,0,photo_wikipedia,png_stb,decode,source_png,49,53140448,839413800.0,63.30661707015062,88339751,212561792,41.55956259533228
profile2-full-corpus,candidate,0,photo_wikipedia,png_stb,encode,preparation_single,49,53140448,9579177300.0,5.54749602557205,145205551,212561792,68.31215978834051
profile2-full-corpus,candidate,0,photo_wikipedia,qoi,decode,allocated,49,53140448,273726400.0,194.13709455865418,105507130,212561792,49.635980675209964
profile2-full-corpus,candidate,0,photo_wikipedia,qoi,encode,preparation_single,49,53140448,433518100.0,122.57953704816477,105507130,212561792,49.635980675209964
profile2-full-corpus,candidate,0,photo_wikipedia,rgi,decode,allocated,49,53140448,249854800.0,212.68531963364322,105507158,212561792,49.63599384785014
profile2-full-corpus,candidate,0,photo_wikipedia,rgi,decode,reused,49,53140448,233324200.0,227.75369207308972,105507158,212561792,49.63599384785014
profile2-full-corpus,candidate,0,photo_wikipedia,rgi,decode,trusted_reused,49,53140448,225372600.0,235.78930180509965,105507158,212561792,49.63599384785014
profile2-full-corpus,candidate,0,photo_wikipedia,rgi,encode,preparation_single,49,53140448,18105338400.0,2.9350706861132183,105507158,212561792,49.63599384785014
profile2-full-corpus,candidate,0,pngimg,png_libpng,decode,allocated,187,338258448,3028654700.0,111.68603934941808,229999870,1353033792,16.99882673735912
profile2-full-corpus,candidate,0,pngimg,png_libpng,decode,source_png,187,338258448,2934440000.0,115.27189105928218,229608249,1353033792,16.969882818713813
profile2-full-corpus,candidate,0,pngimg,png_libpng,encode,preparation_single,187,338258448,43330189800.0,7.806530494357539,229999870,1353033792,16.99882673735912
profile2-full-corpus,candidate,0,pngimg,png_stb,decode,allocated,187,338258448,3437008700.0,98.41652364743796,335327518,1353033792,24.78338087213124
profile2-full-corpus,candidate,0,pngimg,png_stb,decode,source_png,187,338258448,2967378500.0,113.99234981314315,229608249,1353033792,16.969882818713813
profile2-full-corpus,candidate,0,pngimg,png_stb,encode,preparation_single,187,338258448,30875241600.0,10.9556534773804,335327518,1353033792,24.78338087213124
profile2-full-corpus,candidate,0,pngimg,qoi,decode,allocated,187,338258448,884816400.0,382.2922450352412,275044884,1353033792,20.328012916324855
profile2-full-corpus,candidate,0,pngimg,qoi,encode,preparation_single,187,338258448,1972555900.0,171.48231287133612,275044884,1353033792,20.328012916324855
profile2-full-corpus,candidate,0,pngimg,rgi,decode,allocated,187,338258448,735687700.0,459.78537904059016,270768650,1353033792,20.011965081800412
profile2-full-corpus,candidate,0,pngimg,rgi,decode,reused,187,338258448,633443400.0,533.9994828267214,270768650,1353033792,20.011965081800412
profile2-full-corpus,candidate,0,pngimg,rgi,decode,trusted_reused,187,338258448,605728900.0,558.4320774524709,270768650,1353033792,20.011965081800412
profile2-full-corpus,candidate,0,pngimg,rgi,encode,preparation_single,187,338258448,59424735600.0,5.692216289810467,270768650,1353033792,20.011965081800412
profile2-full-corpus,candidate,0,screenshot_game,png_libpng,decode,allocated,618,391206639,3863957000.0,101.24508088469929,283655968,1564826556,18.126990937901745
profile2-full-corpus,candidate,0,screenshot_game,png_libpng,decode,source_png,618,391206639,3472968400.0,112.64330507585385,266238855,1564826556,17.013953014739098
profile2-full-corpus,candidate,0,screenshot_game,png_libpng,encode,preparation_single,618,391206639,62125123100.0,6.297076278952274,283655968,1564826556,18.126990937901745
profile2-full-corpus,candidate,0,screenshot_game,png_stb,decode,allocated,618,391206639,4270625900.0,91.60405246453453,401452182,1564826556,25.6547398470914
profile2-full-corpus,candidate,0,screenshot_game,png_stb,decode,source_png,618,391206639,3560582300.0,109.8715339342107,266238855,1564826556,17.013953014739098
profile2-full-corpus,candidate,0,screenshot_game,png_stb,encode,preparation_single,618,391206639,39561033800.0,9.888685947332347,401452182,1564826556,25.6547398470914
profile2-full-corpus,candidate,0,screenshot_game,qoi,decode,allocated,618,391206639,1272486400.0,307.43482916595417,328478275,1564826556,20.991353561870405
profile2-full-corpus,candidate,0,screenshot_game,qoi,encode,preparation_single,618,391206639,2559630800.0,152.83713533998733,328478275,1564826556,20.991353561870405
profile2-full-corpus,candidate,0,screenshot_game,rgi,decode,allocated,618,391206639,1097447600.0,356.4695380444588,310833137,1564826556,19.86374373620996
profile2-full-corpus,candidate,0,screenshot_game,rgi,decode,reused,618,391206639,986979500.0,396.36754258827057,310833137,1564826556,19.86374373620996
profile2-full-corpus,candidate,0,screenshot_game,rgi,decode,trusted_reused,618,391206639,935498700.0,418.1797783364103,310833137,1564826556,19.86374373620996
profile2-full-corpus,candidate,0,screenshot_game,rgi,encode,preparation_single,618,391206639,65314135400.0,5.989616743820512,310833137,1564826556,19.86374373620996
profile2-full-corpus,candidate,0,screenshot_web,png_libpng,decode,allocated,13,86622127,533492100.0,162.36815315540755,28100646,346488508,8.110123525366676
profile2-full-corpus,candidate,0,screenshot_web,png_libpng,decode,source_png,13,86622127,402455200.0,215.23420991951403,34271217,346488508,9.89101116161694
profile2-full-corpus,candidate,0,screenshot_web,png_libpng,encode,preparation_single,13,86622127,4559598300.0,18.99775403460432,28100646,346488508,8.110123525366676
profile2-full-corpus,candidate,0,screenshot_web,png_stb,decode,allocated,13,86622127,525139300.0,164.9507606838795,36510846,346488508,10.537390175145434
profile2-full-corpus,candidate,0,screenshot_web,png_stb,decode,source_png,13,86622127,412918900.0,209.78000038264173,34271217,346488508,9.89101116161694
profile2-full-corpus,candidate,0,screenshot_web,png_stb,encode,preparation_single,13,86622127,5243577000.0,16.519663390086578,36510846,346488508,10.537390175145434
profile2-full-corpus,candidate,0,screenshot_web,qoi,decode,allocated,13,86622127,145397600.0,595.7603633072348,29762243,346488508,8.589676803941792
profile2-full-corpus,candidate,0,screenshot_web,qoi,encode,preparation_single,13,86622127,421541900.0,205.4887711043671,29762243,346488508,8.589676803941792
profile2-full-corpus,candidate,0,screenshot_web,rgi,decode,allocated,13,86622127,111067300.0,779.9066601961154,29253115,346488508,8.44273744282451
profile2-full-corpus,candidate,0,screenshot_web,rgi,decode,reused,13,86622127,85596000.0,1011.9880251413617,29253115,346488508,8.44273744282451
profile2-full-corpus,candidate,0,screenshot_web,rgi,decode,trusted_reused,13,86622127,80420200.0,1077.119019848247,29253115,346488508,8.44273744282451
profile2-full-corpus,candidate,0,screenshot_web,rgi,encode,preparation_single,13,86622127,6501520100.0,13.32336525422724,29253115,346488508,8.44273744282451
profile2-full-corpus,candidate,0,textures_photo,png_libpng,decode,allocated,20,20971520,302462700.0,69.3358883591266,40500447,83886080,48.2802951335907
profile2-full-corpus,candidate,0,textures_photo,png_libpng,decode,source_png,20,20971520,268150800.0,78.20793374474363,37854634,83886080,45.126240253448486
profile2-full-corpus,candidate,0,textures_photo,png_libpng,encode,preparation_single,20,20971520,5671728900.0,3.6975533157094302,40500447,83886080,48.2802951335907
profile2-full-corpus,candidate,0,textures_photo,png_stb,decode,allocated,20,20971520,381202100.0,55.0141775189591,52316969,83886080,62.366687059402466
profile2-full-corpus,candidate,0,textures_photo,png_stb,decode,source_png,20,20971520,315766200.0,66.4147080973201,37854634,83886080,45.126240253448486
profile2-full-corpus,candidate,0,textures_photo,png_stb,encode,preparation_single,20,20971520,3106627500.0,6.750574376876533,52316969,83886080,62.366687059402466
profile2-full-corpus,candidate,0,textures_photo,qoi,decode,allocated,20,20971520,103776100.0,202.0842949388154,40589641,83886080,48.38662266731262
profile2-full-corpus,candidate,0,textures_photo,qoi,encode,preparation_single,20,20971520,160645900.0,130.54500612838547,40589641,83886080,48.38662266731262
profile2-full-corpus,candidate,0,textures_photo,rgi,decode,allocated,20,20971520,88931000.0,235.81788127874418,40589641,83886080,48.38662266731262
profile2-full-corpus,candidate,0,textures_photo,rgi,decode,reused,20,20971520,83070200.0,252.45539314940856,40589641,83886080,48.38662266731262
profile2-full-corpus,candidate,0,textures_photo,rgi,decode,trusted_reused,20,20971520,79252800.0,264.61550885268406,40589641,83886080,48.38662266731262
profile2-full-corpus,candidate,0,textures_photo,rgi,encode,preparation_single,20,20971520,6700965600.0,3.129626572027172,40589641,83886080,48.38662266731262
profile2-full-corpus,candidate,0,textures_pk,png_libpng,decode,allocated,1002,44595968,714171475.0,62.444342235875496,91803457,178383872,51.463989412675154
profile2-full-corpus,candidate,0,textures_pk,png_libpng,decode,source_png,1002,44595968,339422106.25,131.3879301872961,43523493,178383872,24.398782531192058
profile2-full-corpus,candidate,0,textures_pk,png_libpng,encode,preparation_single,1002,44595968,10551059600.0,4.226681460504687,91803457,178383872,51.463989412675154
profile2-full-corpus,candidate,0,textures_pk,png_stb,decode,allocated,1002,44595968,800517778.125,55.708903935218274,124784093,178383872,69.95256443362773
profile2-full-corpus,candidate,0,textures_pk,png_stb,decode,source_png,1002,44595968,298167109.375,149.56702666997506,43523493,178383872,24.398782531192058
profile2-full-corpus,candidate,0,textures_pk,png_stb,encode,preparation_single,1002,44595968,7471138100.0,5.96909967438562,124784093,178383872,69.95256443362773
profile2-full-corpus,candidate,0,textures_pk,qoi,decode,allocated,1002,44595968,207986987.5,214.41710626247712,77558909,178383872,43.47865540221035
profile2-full-corpus,candidate,0,textures_pk,qoi,encode,preparation_single,1002,44595968,400324100.0,111.39965842675971,77558909,178383872,43.47865540221035
profile2-full-corpus,candidate,0,textures_pk,rgi,decode,allocated,1002,44595968,58688590.625,759.8745774106753,48127202,178383872,26.97957021585449
profile2-full-corpus,candidate,0,textures_pk,rgi,decode,reused,1002,44595968,63007543.75,707.7877559700937,48127202,178383872,26.97957021585449
profile2-full-corpus,candidate,0,textures_pk,rgi,decode,trusted_reused,1002,44595968,56435440.625,790.2120991015121,48127202,178383872,26.97957021585449
profile2-full-corpus,candidate,0,textures_pk,rgi,encode,preparation_single,1002,44595968,15394730000.0,2.896833396883219,48127202,178383872,26.97957021585449
profile2-full-corpus,candidate,0,textures_pk01,png_libpng,decode,allocated,113,14680064,178835400.0,82.08701409228821,18944396,58720256,32.26211411612375
profile2-full-corpus,candidate,0,textures_pk01,png_libpng,decode,source_png,113,14680064,174561200.0,84.09694708789812,18946769,58720256,32.26615531103952
profile2-full-corpus,candidate,0,textures_pk01,png_libpng,encode,preparation_single,113,14680064,3094189800.0,4.744396739980204,18944396,58720256,32.26211411612375
profile2-full-corpus,candidate,0,textures_pk01,png_stb,decode,allocated,113,14680064,197382200.0,74.37379865053688,26888834,58720256,45.79141139984131
profile2-full-corpus,candidate,0,textures_pk01,png_stb,decode,source_png,113,14680064,178186300.0,82.3860420245552,18946769,58720256,32.26615531103952
profile2-full-corpus,candidate,0,textures_pk01,png_stb,encode,preparation_single,113,14680064,1799568300.0,8.157547562934955,26888834,58720256,45.79141139984131
profile2-full-corpus,candidate,0,textures_pk01,qoi,decode,allocated,113,14680064,54105600.0,271.3224509108114,20646004,58720256,35.15993527003697
profile2-full-corpus,candidate,0,textures_pk01,qoi,encode,preparation_single,113,14680064,106987400.0,137.2130176076809,20646004,58720256,35.15993527003697
profile2-full-corpus,candidate,0,textures_pk01,rgi,decode,allocated,113,14680064,37969100.0,386.6318664387621,19403383,58720256,33.04376431873867
profile2-full-corpus,candidate,0,textures_pk01,rgi,decode,reused,113,14680064,36600000.0,401.09464480874317,19403383,58720256,33.04376431873867
profile2-full-corpus,candidate,0,textures_pk01,rgi,decode,trusted_reused,113,14680064,34976300.0,419.71460674799795,19403383,58720256,33.04376431873867
profile2-full-corpus,candidate,0,textures_pk01,rgi,encode,preparation_single,113,14680064,2699053700.0,5.438966997951912,19403383,58720256,33.04376431873867
profile2-full-corpus,candidate,0,textures_pk02,png_libpng,decode,allocated,235,71385088,905983000.0,78.79296631393746,102958000,285540352,36.05725050027255
profile2-full-corpus,candidate,0,textures_pk02,png_libpng,decode,source_png,235,71385088,899810700.0,79.33345091361994,102962935,285540352,36.05897880240759
profile2-full-corpus,candidate,0,textures_pk02,png_libpng,encode,preparation_single,235,71385088,20487142300.0,3.4843848378014144,102958000,285540352,36.05725050027255
profile2-full-corpus,candidate,0,textures_pk02,png_stb,decode,allocated,235,71385088,1128628300.0,63.249422329743105,150043074,285540352,52.54706487158775
profile2-full-corpus,candidate,0,textures_pk02,png_stb,decode,source_png,235,71385088,1010812200.0,70.6215140656197,102962935,285540352,36.05897880240759
profile2-full-corpus,candidate,0,textures_pk02,png_stb,encode,preparation_single,235,71385088,9876155800.0,7.228023681035895,150043074,285540352,52.54706487158775
profile2-full-corpus,candidate,0,textures_pk02,qoi,decode,allocated,235,71385088,328076300.0,217.58684793750723,115289941,285540352,40.37605900268695
profile2-full-corpus,candidate,0,textures_pk02,qoi,encode,preparation_single,235,71385088,551910900.0,129.34168902987784,115289941,285540352,40.37605900268695
profile2-full-corpus,candidate,0,textures_pk02,rgi,decode,allocated,235,71385088,238566100.0,299.2256150391862,109919629,285540352,38.495304859748856
profile2-full-corpus,candidate,0,textures_pk02,rgi,decode,reused,235,71385088,220835200.0,323.25049629769165,109919629,285540352,38.495304859748856
profile2-full-corpus,candidate,0,textures_pk02,rgi,decode,trusted_reused,235,71385088,210063000.0,339.82704236348144,109919629,285540352,38.495304859748856
profile2-full-corpus,candidate,0,textures_pk02,rgi,encode,preparation_single,235,71385088,26368988600.0,2.70716063793209,109919629,285540352,38.495304859748856
profile2-full-corpus,candidate,0,textures_plants,png_libpng,decode,allocated,60,63833030,587777500.0,108.60066947101582,52691027,255332120,20.636270517003503
profile2-full-corpus,candidate,0,textures_plants,png_libpng,decode,source_png,60,63833030,566961600.0,112.58792482594941,51765329,255332120,20.273723885580868
profile2-full-corpus,candidate,0,textures_plants,png_libpng,encode,preparation_single,60,63833030,8774191300.0,7.275089842182949,52691027,255332120,20.636270517003503
profile2-full-corpus,candidate,0,textures_plants,png_stb,decode,allocated,60,63833030,655041300.0,97.4488631480183,73185358,255332120,28.662809050424208
profile2-full-corpus,candidate,0,textures_plants,png_stb,decode,source_png,60,63833030,600832300.0,106.2410093465348,51765329,255332120,20.273723885580868
profile2-full-corpus,candidate,0,textures_plants,png_stb,encode,preparation_single,60,63833030,6061442400.0,10.530996714577375,73185358,255332120,28.662809050424208
profile2-full-corpus,candidate,0,textures_plants,qoi,decode,allocated,60,63833030,164139100.0,388.89594252679586,56670920,255332120,22.194982754226142
profile2-full-corpus,candidate,0,textures_plants,qoi,encode,preparation_single,60,63833030,364148300.0,175.29404915524802,56670920,255332120,22.194982754226142
profile2-full-corpus,candidate,0,textures_plants,rgi,decode,allocated,60,63833030,134807300.0,473.51315544484606,56271147,255332120,22.038412950160755
profile2-full-corpus,candidate,0,textures_plants,rgi,decode,reused,60,63833030,115303600.0,553.6083001744959,56271147,255332120,22.038412950160755
profile2-full-corpus,candidate,0,textures_plants,rgi,decode,trusted_reused,60,63833030,109578300.0,582.5334943141114,56271147,255332120,22.038412950160755
profile2-full-corpus,candidate,0,textures_plants,rgi,encode,preparation_single,60,63833030,10826899800.0,5.895780988016533,56271147,255332120,22.038412950160755
mana-native-cpu,baseline,0,ALL,png_libpng,decode,allocated,2882,249157476,1247145378.125,199.78222296312532,29225647,996629904,2.9324473290137196
mana-native-cpu,baseline,0,ALL,png_libpng,encode,preparation_single,2882,249157476,8642007900.0,28.830970635886597,29225647,996629904,2.9324473290137196
mana-native-cpu,baseline,0,ALL,png_stb,decode,allocated,2882,249157476,1032510018.75,241.31240518289644,41816905,996629904,4.195830852773609
mana-native-cpu,baseline,0,ALL,png_stb,encode,preparation_single,2882,249157476,12718305600.0,19.590461484114677,41816905,996629904,4.195830852773609
mana-native-cpu,baseline,0,ALL,qoi,decode,allocated,2882,249157476,350880625.0,710.0918610139845,40774295,996629904,4.091217295041149
mana-native-cpu,baseline,0,ALL,qoi,encode,preparation_single,2882,249157476,1198807200.0,207.8378207938691,40774295,996629904,4.091217295041149
mana-native-cpu,baseline,0,ALL,rgi,decode,allocated,2882,249157476,189693628.125,1313.473090597518,29596914,996629904,2.9696995726509927
mana-native-cpu,baseline,0,ALL,rgi,decode,reused,2882,249157476,96388953.125,2584.9173367085473,29596914,996629904,2.9696995726509927
mana-native-cpu,baseline,0,ALL,rgi,decode,trusted_reused,2882,249157476,79899759.375,3118.3757992387573,29596914,996629904,2.9696995726509927
mana-native-cpu,baseline,0,ALL,rgi,encode,preparation_single,2882,249157476,8421721200.0,29.585101439833938,29596914,996629904,2.9696995726509927
mana-native-cpu,baseline,1,ALL,png_libpng,decode,allocated,2882,249157476,1217893884.375,204.5806118222384,29225647,996629904,2.9324473290137196
mana-native-cpu,baseline,1,ALL,png_libpng,encode,preparation_single,2882,249157476,8483928000.0,29.368174270220116,29225647,996629904,2.9324473290137196
mana-native-cpu,baseline,1,ALL,png_stb,decode,allocated,2882,249157476,993165234.375,250.87212819807883,41816905,996629904,4.195830852773609
mana-native-cpu,baseline,1,ALL,png_stb,encode,preparation_single,2882,249157476,12378735500.0,20.127861686680355,41816905,996629904,4.195830852773609
mana-native-cpu,baseline,1,ALL,qoi,decode,allocated,2882,249157476,336624178.125,740.1651223860674,40774295,996629904,4.091217295041149
mana-native-cpu,baseline,1,ALL,qoi,encode,preparation_single,2882,249157476,1152558700.0,216.17768882400523,40774295,996629904,4.091217295041149
mana-native-cpu,baseline,1,ALL,rgi,decode,allocated,2882,249157476,176664650.0,1410.3414350295886,29596914,996629904,2.9696995726509927
mana-native-cpu,baseline,1,ALL,rgi,decode,reused,2882,249157476,92849062.5,2683.4678702329384,29596914,996629904,2.9696995726509927
mana-native-cpu,baseline,1,ALL,rgi,decode,trusted_reused,2882,249157476,78876509.375,3158.8298971933305,29596914,996629904,2.9696995726509927
mana-native-cpu,baseline,1,ALL,rgi,encode,preparation_single,2882,249157476,8229591200.0,30.2758022780038,29596914,996629904,2.9696995726509927
mana-native-cpu,baseline,2,ALL,png_libpng,decode,allocated,2882,249157476,1230073125.0,202.55501151608365,29225647,996629904,2.9324473290137196
mana-native-cpu,baseline,2,ALL,png_libpng,encode,preparation_single,2882,249157476,8573736300.0,29.060548083336784,29225647,996629904,2.9324473290137196
mana-native-cpu,baseline,2,ALL,png_stb,decode,allocated,2882,249157476,1002230068.75,248.60307405339958,41816905,996629904,4.195830852773609
mana-native-cpu,baseline,2,ALL,png_stb,encode,preparation_single,2882,249157476,12624880400.0,19.73543258279104,41816905,996629904,4.195830852773609
mana-native-cpu,baseline,2,ALL,qoi,decode,allocated,2882,249157476,338027487.5,737.0923525856755,40774295,996629904,4.091217295041149
mana-native-cpu,baseline,2,ALL,qoi,encode,preparation_single,2882,249157476,1195674800.0,208.38230930349957,40774295,996629904,4.091217295041149
mana-native-cpu,baseline,2,ALL,rgi,decode,allocated,2882,249157476,179197168.75,1390.4096685121315,29596914,996629904,2.9696995726509927
mana-native-cpu,baseline,2,ALL,rgi,decode,reused,2882,249157476,97242500.0,2562.2282026891535,29596914,996629904,2.9696995726509927
mana-native-cpu,baseline,2,ALL,rgi,decode,trusted_reused,2882,249157476,80692137.5,3087.754070215329,29596914,996629904,2.9696995726509927
mana-native-cpu,baseline,2,ALL,rgi,encode,preparation_single,2882,249157476,8283901500.0,30.077310310848095,29596914,996629904,2.9696995726509927
mana-native-cpu,candidate,0,ALL,png_libpng,decode,allocated,2882,249157476,1229576390.625,202.6368413542423,29225647,996629904,2.9324473290137196
mana-native-cpu,candidate,0,ALL,png_libpng,encode,preparation_single,2882,249157476,8532702200.0,29.20030140041686,29225647,996629904,2.9324473290137196
mana-native-cpu,candidate,0,ALL,png_stb,decode,allocated,2882,249157476,1005104234.375,247.8921762327791,41816905,996629904,4.195830852773609
mana-native-cpu,candidate,0,ALL,png_stb,encode,preparation_single,2882,249157476,12467683800.0,19.984263316013838,41816905,996629904,4.195830852773609
mana-native-cpu,candidate,0,ALL,qoi,decode,allocated,2882,249157476,338459534.375,736.1514470558338,40774295,996629904,4.091217295041149
mana-native-cpu,candidate,0,ALL,qoi,encode,preparation_single,2882,249157476,1167762800.0,213.36308709268698,40774295,996629904,4.091217295041149
mana-native-cpu,candidate,0,ALL,rgi,decode,allocated,2882,249157476,169051115.625,1473.8588093834119,24195307,996629904,2.4277123235908844
mana-native-cpu,candidate,0,ALL,rgi,decode,reused,2882,249157476,87892553.125,2834.796204470821,24195307,996629904,2.4277123235908844
mana-native-cpu,candidate,0,ALL,rgi,decode,trusted_reused,2882,249157476,73118696.875,3407.5754444304025,24195307,996629904,2.4277123235908844
mana-native-cpu,candidate,0,ALL,rgi,encode,preparation_single,2882,249157476,13817969100.0,18.031410708538928,24195307,996629904,2.4277123235908844
mana-native-cpu,candidate,1,ALL,png_libpng,decode,allocated,2882,249157476,1224624540.625,203.4562167706029,29225647,996629904,2.9324473290137196
mana-native-cpu,candidate,1,ALL,png_libpng,encode,preparation_single,2882,249157476,8490281100.0,29.34619867886353,29225647,996629904,2.9324473290137196
mana-native-cpu,candidate,1,ALL,png_stb,decode,allocated,2882,249157476,997209368.75,249.85472841306978,41816905,996629904,4.195830852773609
mana-native-cpu,candidate,1,ALL,png_stb,encode,preparation_single,2882,249157476,12446363300.0,20.01849616586397,41816905,996629904,4.195830852773609
mana-native-cpu,candidate,1,ALL,qoi,decode,allocated,2882,249157476,334744890.625,744.3204750184527,40774295,996629904,4.091217295041149
mana-native-cpu,candidate,1,ALL,qoi,encode,preparation_single,2882,249157476,1171828100.0,212.62288897151382,40774295,996629904,4.091217295041149
mana-native-cpu,candidate,1,ALL,rgi,decode,allocated,2882,249157476,166323543.75,1498.0289042813279,24195307,996629904,2.4277123235908844
mana-native-cpu,candidate,1,ALL,rgi,decode,reused,2882,249157476,85489481.25,2914.481084186015,24195307,996629904,2.4277123235908844
mana-native-cpu,candidate,1,ALL,rgi,decode,trusted_reused,2882,249157476,72181571.875,3451.815602346219,24195307,996629904,2.4277123235908844
mana-native-cpu,candidate,1,ALL,rgi,encode,preparation_single,2882,249157476,13670981000.0,18.22528141908763,24195307,996629904,2.4277123235908844
mana-native-cpu,candidate,2,ALL,png_libpng,decode,allocated,2882,249157476,1237367900.0,201.36086930976631,29225647,996629904,2.9324473290137196
mana-native-cpu,candidate,2,ALL,png_libpng,encode,preparation_single,2882,249157476,8552390400.0,29.13308026724318,29225647,996629904,2.9324473290137196
mana-native-cpu,candidate,2,ALL,png_stb,decode,allocated,2882,249157476,1007286759.375,247.35505920339597,41816905,996629904,4.195830852773609
mana-native-cpu,candidate,2,ALL,png_stb,encode,preparation_single,2882,249157476,12593343100.0,19.784855698881103,41816905,996629904,4.195830852773609
mana-native-cpu,candidate,2,ALL,qoi,decode,allocated,2882,249157476,337808312.5,737.5705889416206,40774295,996629904,4.091217295041149
mana-native-cpu,candidate,2,ALL,qoi,encode,preparation_single,2882,249157476,1166158100.0,213.65668685918317,40774295,996629904,4.091217295041149
mana-native-cpu,candidate,2,ALL,rgi,decode,allocated,2882,249157476,169072096.875,1473.6759087113558,24195307,996629904,2.4277123235908844
mana-native-cpu,candidate,2,ALL,rgi,decode,reused,2882,249157476,88266528.125,2822.785503097525,24195307,996629904,2.4277123235908844
mana-native-cpu,candidate,2,ALL,rgi,decode,trusted_reused,2882,249157476,72479540.625,3437.624933208522,24195307,996629904,2.4277123235908844
mana-native-cpu,candidate,2,ALL,rgi,encode,preparation_single,2882,249157476,13762029700.0,18.104704133867696,24195307,996629904,2.4277123235908844
mana-native-scenes-d3d12,baseline,0,ALL,png_libpng,gpu_scene_batch,staged_premultiplied,66,126056421,1044951700.0,120.63372976951949,15376976,504225684,3.0496217245450747
mana-native-scenes-d3d12,baseline,0,ALL,png_libpng,gpu_scene_batch,staged_rgba,66,126056421,868035000.0,145.22043581192003,15376976,504225684,3.0496217245450747
mana-native-scenes-d3d12,baseline,0,ALL,png_libpng,gpu_scene_single,staged_premultiplied,66,126056421,1040222400.0,121.18218277168421,15376976,504225684,3.0496217245450747
mana-native-scenes-d3d12,baseline,0,ALL,png_libpng,gpu_scene_single,staged_rgba,66,126056421,835556300.0,150.86526305887466,15376976,504225684,3.0496217245450747
mana-native-scenes-d3d12,baseline,0,ALL,png_stb,gpu_scene_batch,staged_premultiplied,66,126056421,860038600.0,146.57065508455085,21840212,504225684,4.331435841733124
mana-native-scenes-d3d12,baseline,0,ALL,png_stb,gpu_scene_batch,staged_rgba,66,126056421,682994400.0,184.56435513966147,21840212,504225684,4.331435841733124
mana-native-scenes-d3d12,baseline,0,ALL,png_stb,gpu_scene_single,staged_premultiplied,66,126056421,878604200.0,143.47350149248092,21840212,504225684,4.331435841733124
mana-native-scenes-d3d12,baseline,0,ALL,png_stb,gpu_scene_single,staged_rgba,66,126056421,709688900.0,177.62208342275045,21840212,504225684,4.331435841733124
mana-native-scenes-d3d12,baseline,0,ALL,qoi,gpu_scene_batch,staged_premultiplied,66,126056421,489076500.0,257.74377014638816,21743683,504225684,4.312291834780872
mana-native-scenes-d3d12,baseline,0,ALL,qoi,gpu_scene_batch,staged_rgba,66,126056421,314787500.0,400.4492586268515,21743683,504225684,4.312291834780872
mana-native-scenes-d3d12,baseline,0,ALL,qoi,gpu_scene_single,staged_premultiplied,66,126056421,524955500.0,240.1278222630299,21743683,504225684,4.312291834780872
mana-native-scenes-d3d12,baseline,0,ALL,qoi,gpu_scene_single,staged_rgba,66,126056421,357648100.0,352.4593615903454,21743683,504225684,4.312291834780872
mana-native-scenes-d3d12,baseline,0,ALL,rgba8,gpu_scene_batch,staged_rgba,66,126056421,130300800.0,967.4263012966919,504225684,504225684,100.0
mana-native-scenes-d3d12,baseline,0,ALL,rgba8,gpu_scene_single,staged_rgba,66,126056421,168753900.0,746.9837497088956,504225684,504225684,100.0
mana-native-scenes-d3d12,baseline,0,ALL,rgi,gpu_scene_batch,direct_tight_rgba,66,126056421,1703676100.0,73.99083722545618,16177262,504225684,3.2083375586238483
mana-native-scenes-d3d12,baseline,0,ALL,rgi,gpu_scene_batch,staged_premultiplied,66,126056421,403302300.0,312.5606300782316,16177262,504225684,3.2083375586238483
mana-native-scenes-d3d12,baseline,0,ALL,rgi,gpu_scene_batch,staged_reused_premultiplied,66,126056421,340881400.0,369.79553885896973,16177262,504225684,3.2083375586238483
mana-native-scenes-d3d12,baseline,0,ALL,rgi,gpu_scene_batch,staged_reused_rgba,66,126056421,168047200.0,750.1250898557072,16177262,504225684,3.2083375586238483
mana-native-scenes-d3d12,baseline,0,ALL,rgi,gpu_scene_batch,staged_rgba,66,126056421,254060500.0,496.16694055156154,16177262,504225684,3.2083375586238483
mana-native-scenes-d3d12,baseline,0,ALL,rgi,gpu_scene_single,direct_tight_rgba,66,126056421,1675506300.0,75.23482364703732,16177262,504225684,3.2083375586238483
mana-native-scenes-d3d12,baseline,0,ALL,rgi,gpu_scene_single,staged_premultiplied,66,126056421,452005400.0,278.8825553854003,16177262,504225684,3.2083375586238483
mana-native-scenes-d3d12,baseline,0,ALL,rgi,gpu_scene_single,staged_reused_premultiplied,66,126056421,348249900.0,361.9711620879145,16177262,504225684,3.2083375586238483
mana-native-scenes-d3d12,baseline,0,ALL,rgi,gpu_scene_single,staged_reused_rgba,66,126056421,187349700.0,672.8402607530196,16177262,504225684,3.2083375586238483
mana-native-scenes-d3d12,baseline,0,ALL,rgi,gpu_scene_single,staged_rgba,66,126056421,284419100.0,443.2065954782924,16177262,504225684,3.2083375586238483
mana-native-scenes-d3d12,baseline,1,ALL,png_libpng,gpu_scene_batch,staged_premultiplied,66,126056421,965689900.0,130.5350930976911,15376976,504225684,3.0496217245450747
mana-native-scenes-d3d12,baseline,1,ALL,png_libpng,gpu_scene_batch,staged_rgba,66,126056421,791857800.0,159.190729699196,15376976,504225684,3.0496217245450747
mana-native-scenes-d3d12,baseline,1,ALL,png_libpng,gpu_scene_single,staged_premultiplied,66,126056421,970047200.0,129.9487499164989,15376976,504225684,3.0496217245450747
mana-native-scenes-d3d12,baseline,1,ALL,png_libpng,gpu_scene_single,staged_rgba,66,126056421,802031700.0,157.17136990969308,15376976,504225684,3.0496217245450747
mana-native-scenes-d3d12,baseline,1,ALL,png_stb,gpu_scene_batch,staged_premultiplied,66,126056421,855719900.0,147.31037691188436,21840212,504225684,4.331435841733124
mana-native-scenes-d3d12,baseline,1,ALL,png_stb,gpu_scene_batch,staged_rgba,66,126056421,693416800.0,181.7902609224351,21840212,504225684,4.331435841733124
mana-native-scenes-d3d12,baseline,1,ALL,png_stb,gpu_scene_single,staged_premultiplied,66,126056421,862211100.0,146.20134326732745,21840212,504225684,4.331435841733124
mana-native-scenes-d3d12,baseline,1,ALL,png_stb,gpu_scene_single,staged_rgba,66,126056421,706919700.0,178.3178782540648,21840212,504225684,4.331435841733124
mana-native-scenes-d3d12,baseline,1,ALL,qoi,gpu_scene_batch,staged_premultiplied,66,126056421,509574700.0,247.37574491041255,21743683,504225684,4.312291834780872
mana-native-scenes-d3d12,baseline,1,ALL,qoi,gpu_scene_batch,staged_rgba,66,126056421,346037400.0,364.2855396555401,21743683,504225684,4.312291834780872
mana-native-scenes-d3d12,baseline,1,ALL,qoi,gpu_scene_single,staged_premultiplied,66,126056421,518719700.0,243.01452402906617,21743683,504225684,4.312291834780872
mana-native-scenes-d3d12,baseline,1,ALL,qoi,gpu_scene_single,staged_rgba,66,126056421,360420400.0,349.7482967112849,21743683,504225684,4.312291834780872
mana-native-scenes-d3d12,baseline,1,ALL,rgba8,gpu_scene_batch,staged_rgba,66,126056421,145404700.0,866.9349821566979,504225684,504225684,100.0
mana-native-scenes-d3d12,baseline,1,ALL,rgba8,gpu_scene_single,staged_rgba,66,126056421,160246700.0,786.6397311145877,504225684,504225684,100.0
mana-native-scenes-d3d12,baseline,1,ALL,rgi,gpu_scene_batch,direct_tight_rgba,66,126056421,1679882400.0,75.03883664713673,16177262,504225684,3.2083375586238483
mana-native-scenes-d3d12,baseline,1,ALL,rgi,gpu_scene_batch,staged_premultiplied,66,126056421,421591900.0,299.0010505420052,16177262,504225684,3.2083375586238483
mana-native-scenes-d3d12,baseline,1,ALL,rgi,gpu_scene_batch,staged_reused_premultiplied,66,126056421,363876800.0,346.42610081214303,16177262,504225684,3.2083375586238483
mana-native-scenes-d3d12,baseline,1,ALL,rgi,gpu_scene_batch,staged_reused_rgba,66,126056421,200036000.0,630.1686746385651,16177262,504225684,3.2083375586238483
mana-native-scenes-d3d12,baseline,1,ALL,rgi,gpu_scene_batch,staged_rgba,66,126056421,265937000.0,474.00858473999483,16177262,504225684,3.2083375586238483
mana-native-scenes-d3d12,baseline,1,ALL,rgi,gpu_scene_single,direct_tight_rgba,66,126056421,1676787500.0,75.17733821369733,16177262,504225684,3.2083375586238483
mana-native-scenes-d3d12,baseline,1,ALL,rgi,gpu_scene_single,staged_premultiplied,66,126056421,439846600.0,286.59178222589424,16177262,504225684,3.2083375586238483
mana-native-scenes-d3d12,baseline,1,ALL,rgi,gpu_scene_single,staged_reused_premultiplied,66,126056421,362621100.0,347.62572006979184,16177262,504225684,3.2083375586238483
mana-native-scenes-d3d12,baseline,1,ALL,rgi,gpu_scene_single,staged_reused_rgba,66,126056421,195244900.0,645.632336619292,16177262,504225684,3.2083375586238483
mana-native-scenes-d3d12,baseline,1,ALL,rgi,gpu_scene_single,staged_rgba,66,126056421,296045100.0,425.8014099878701,16177262,504225684,3.2083375586238483
mana-native-scenes-d3d12,baseline,2,ALL,png_libpng,gpu_scene_batch,staged_premultiplied,66,126056421,985712300.0,127.88358327272573,15376976,504225684,3.0496217245450747
mana-native-scenes-d3d12,baseline,2,ALL,png_libpng,gpu_scene_batch,staged_rgba,66,126056421,809037700.0,155.81031761560678,15376976,504225684,3.0496217245450747
mana-native-scenes-d3d12,baseline,2,ALL,png_libpng,gpu_scene_single,staged_premultiplied,66,126056421,980150000.0,128.6093159210325,15376976,504225684,3.0496217245450747
mana-native-scenes-d3d12,baseline,2,ALL,png_libpng,gpu_scene_single,staged_rgba,66,126056421,806408100.0,156.31839635539376,15376976,504225684,3.0496217245450747
mana-native-scenes-d3d12,baseline,2,ALL,png_stb,gpu_scene_batch,staged_premultiplied,66,126056421,887629200.0,142.01472979933513,21840212,504225684,4.331435841733124
mana-native-scenes-d3d12,baseline,2,ALL,png_stb,gpu_scene_batch,staged_rgba,66,126056421,723907900.0,174.1332302078759,21840212,504225684,4.331435841733124
mana-native-scenes-d3d12,baseline,2,ALL,png_stb,gpu_scene_single,staged_premultiplied,66,126056421,887201900.0,142.08312786525818,21840212,504225684,4.331435841733124
mana-native-scenes-d3d12,baseline,2,ALL,png_stb,gpu_scene_single,staged_rgba,66,126056421,714618200.0,176.3968801802137,21840212,504225684,4.331435841733124
mana-native-scenes-d3d12,baseline,2,ALL,qoi,gpu_scene_batch,staged_premultiplied,66,126056421,503995400.0,250.1142292171714,21743683,504225684,4.312291834780872
mana-native-scenes-d3d12,baseline,2,ALL,qoi,gpu_scene_batch,staged_rgba,66,126056421,344356500.0,366.06371884950624,21743683,504225684,4.312291834780872
mana-native-scenes-d3d12,baseline,2,ALL,qoi,gpu_scene_single,staged_premultiplied,66,126056421,518977200.0,242.89394794222173,21743683,504225684,4.312291834780872
mana-native-scenes-d3d12,baseline,2,ALL,qoi,gpu_scene_single,staged_rgba,66,126056421,357284400.0,352.81814991082734,21743683,504225684,4.312291834780872
mana-native-scenes-d3d12,baseline,2,ALL,rgba8,gpu_scene_batch,staged_rgba,66,126056421,145718700.0,865.066878856317,504225684,504225684,100.0
mana-native-scenes-d3d12,baseline,2,ALL,rgba8,gpu_scene_single,staged_rgba,66,126056421,147539800.0,854.3892631005328,504225684,504225684,100.0
mana-native-scenes-d3d12,baseline,2,ALL,rgi,gpu_scene_batch,direct_tight_rgba,66,126056421,1678249900.0,75.11182988898138,16177262,504225684,3.2083375586238483
mana-native-scenes-d3d12,baseline,2,ALL,rgi,gpu_scene_batch,staged_premultiplied,66,126056421,437869800.0,287.8856249049375,16177262,504225684,3.2083375586238483
mana-native-scenes-d3d12,baseline,2,ALL,rgi,gpu_scene_batch,staged_reused_premultiplied,66,126056421,352094500.0,358.0187165661491,16177262,504225684,3.2083375586238483
mana-native-scenes-d3d12,baseline,2,ALL,rgi,gpu_scene_batch,staged_reused_rgba,66,126056421,185765500.0,678.5782128543782,16177262,504225684,3.2083375586238483
mana-native-scenes-d3d12,baseline,2,ALL,rgi,gpu_scene_batch,staged_rgba,66,126056421,290387900.0,434.09667207208014,16177262,504225684,3.2083375586238483
mana-native-scenes-d3d12,baseline,2,ALL,rgi,gpu_scene_single,direct_tight_rgba,66,126056421,1679922100.0,75.03706332573397,16177262,504225684,3.2083375586238483
mana-native-scenes-d3d12,baseline,2,ALL,rgi,gpu_scene_single,staged_premultiplied,66,126056421,437513800.0,288.1198741616836,16177262,504225684,3.2083375586238483
mana-native-scenes-d3d12,baseline,2,ALL,rgi,gpu_scene_single,staged_reused_premultiplied,66,126056421,358677900.0,351.44741563391557,16177262,504225684,3.2083375586238483
mana-native-scenes-d3d12,baseline,2,ALL,rgi,gpu_scene_single,staged_reused_rgba,66,126056421,205059400.0,614.731248604063,16177262,504225684,3.2083375586238483
mana-native-scenes-d3d12,baseline,2,ALL,rgi,gpu_scene_single,staged_rgba,66,126056421,288936700.0,436.2769457808579,16177262,504225684,3.2083375586238483
mana-native-scenes-d3d12,candidate,0,ALL,png_libpng,gpu_scene_batch,staged_premultiplied,66,126056421,954562400.0,132.05676339231462,15376976,504225684,3.0496217245450747
mana-native-scenes-d3d12,candidate,0,ALL,png_libpng,gpu_scene_batch,staged_rgba,66,126056421,786908000.0,160.1920694668246,15376976,504225684,3.0496217245450747
mana-native-scenes-d3d12,candidate,0,ALL,png_libpng,gpu_scene_single,staged_premultiplied,66,126056421,962153300.0,131.01490271872476,15376976,504225684,3.0496217245450747
mana-native-scenes-d3d12,candidate,0,ALL,png_libpng,gpu_scene_single,staged_rgba,66,126056421,798276200.0,157.91078451292924,15376976,504225684,3.0496217245450747
mana-native-scenes-d3d12,candidate,0,ALL,png_stb,gpu_scene_batch,staged_premultiplied,66,126056421,863314700.0,146.01444988716165,21840212,504225684,4.331435841733124
mana-native-scenes-d3d12,candidate,0,ALL,png_stb,gpu_scene_batch,staged_rgba,66,126056421,700346100.0,179.9916084347439,21840212,504225684,4.331435841733124
mana-native-scenes-d3d12,candidate,0,ALL,png_stb,gpu_scene_single,staged_premultiplied,66,126056421,893124000.0,141.14100729573946,21840212,504225684,4.331435841733124
mana-native-scenes-d3d12,candidate,0,ALL,png_stb,gpu_scene_single,staged_rgba,66,126056421,718777700.0,175.37608776677408,21840212,504225684,4.331435841733124
mana-native-scenes-d3d12,candidate,0,ALL,qoi,gpu_scene_batch,staged_premultiplied,66,126056421,504020000.0,250.10202174516886,21743683,504225684,4.312291834780872
mana-native-scenes-d3d12,candidate,0,ALL,qoi,gpu_scene_batch,staged_rgba,66,126056421,333948700.0,377.4724111817174,21743683,504225684,4.312291834780872
mana-native-scenes-d3d12,candidate,0,ALL,qoi,gpu_scene_single,staged_premultiplied,66,126056421,515887200.0,244.3488053202328,21743683,504225684,4.312291834780872
mana-native-scenes-d3d12,candidate,0,ALL,qoi,gpu_scene_single,staged_rgba,66,126056421,359721800.0,350.42752760605555,21743683,504225684,4.312291834780872
mana-native-scenes-d3d12,candidate,0,ALL,rgba8,gpu_scene_batch,staged_rgba,66,126056421,140240300.0,898.8601778518728,504225684,504225684,100.0
mana-native-scenes-d3d12,candidate,0,ALL,rgba8,gpu_scene_single,staged_rgba,66,126056421,179923400.0,700.6115991583085,504225684,504225684,100.0
mana-native-scenes-d3d12,candidate,0,ALL,rgi,gpu_scene_batch,direct_tight_rgba,66,126056421,1752620200.0,71.9245510236616,12969669,504225684,2.5721952315304906
mana-native-scenes-d3d12,candidate,0,ALL,rgi,gpu_scene_batch,staged_premultiplied,66,126056421,419714100.0,300.33878061280285,12969669,504225684,2.5721952315304906
mana-native-scenes-d3d12,candidate,0,ALL,rgi,gpu_scene_batch,staged_reused_premultiplied,66,126056421,351743500.0,358.3759785184374,12969669,504225684,2.5721952315304906
mana-native-scenes-d3d12,candidate,0,ALL,rgi,gpu_scene_batch,staged_reused_rgba,66,126056421,188817700.0,667.6091330420824,12969669,504225684,2.5721952315304906
mana-native-scenes-d3d12,candidate,0,ALL,rgi,gpu_scene_batch,staged_rgba,66,126056421,268194100.0,470.0193665707038,12969669,504225684,2.5721952315304906
mana-native-scenes-d3d12,candidate,0,ALL,rgi,gpu_scene_single,direct_tight_rgba,66,126056421,1779310200.0,70.8456687316242,12969669,504225684,2.5721952315304906
mana-native-scenes-d3d12,candidate,0,ALL,rgi,gpu_scene_single,staged_premultiplied,66,126056421,436587800.0,288.7309746172477,12969669,504225684,2.5721952315304906
mana-native-scenes-d3d12,candidate,0,ALL,rgi,gpu_scene_single,staged_reused_premultiplied,66,126056421,361760100.0,348.4530798172601,12969669,504225684,2.5721952315304906
mana-native-scenes-d3d12,candidate,0,ALL,rgi,gpu_scene_single,staged_reused_rgba,66,126056421,185611700.0,679.1404906048488,12969669,504225684,2.5721952315304906
mana-native-scenes-d3d12,candidate,0,ALL,rgi,gpu_scene_single,staged_rgba,66,126056421,270966900.0,465.2096658300331,12969669,504225684,2.5721952315304906
mana-native-scenes-d3d12,candidate,1,ALL,png_libpng,gpu_scene_batch,staged_premultiplied,66,126056421,973236900.0,129.52285409646922,15376976,504225684,3.0496217245450747
mana-native-scenes-d3d12,candidate,1,ALL,png_libpng,gpu_scene_batch,staged_rgba,66,126056421,788785500.0,159.8107736513919,15376976,504225684,3.0496217245450747
mana-native-scenes-d3d12,candidate,1,ALL,png_libpng,gpu_scene_single,staged_premultiplied,66,126056421,969992300.0,129.9561048061928,15376976,504225684,3.0496217245450747
mana-native-scenes-d3d12,candidate,1,ALL,png_libpng,gpu_scene_single,staged_rgba,66,126056421,797976000.0,157.970190832807,15376976,504225684,3.0496217245450747
mana-native-scenes-d3d12,candidate,1,ALL,png_stb,gpu_scene_batch,staged_premultiplied,66,126056421,881894200.0,142.93825835343966,21840212,504225684,4.331435841733124
mana-native-scenes-d3d12,candidate,1,ALL,png_stb,gpu_scene_batch,staged_rgba,66,126056421,718479200.0,175.44894967035927,21840212,504225684,4.331435841733124
mana-native-scenes-d3d12,candidate,1,ALL,png_stb,gpu_scene_single,staged_premultiplied,66,126056421,895136100.0,140.82374847802473,21840212,504225684,4.331435841733124
mana-native-scenes-d3d12,candidate,1,ALL,png_stb,gpu_scene_single,staged_rgba,66,126056421,728658200.0,172.99801333464717,21840212,504225684,4.331435841733124
mana-native-scenes-d3d12,candidate,1,ALL,qoi,gpu_scene_batch,staged_premultiplied,66,126056421,501774500.0,251.22125775622317,21743683,504225684,4.312291834780872
mana-native-scenes-d3d12,candidate,1,ALL,qoi,gpu_scene_batch,staged_rgba,66,126056421,344839000.0,365.5515211446501,21743683,504225684,4.312291834780872
mana-native-scenes-d3d12,candidate,1,ALL,qoi,gpu_scene_single,staged_premultiplied,66,126056421,514564200.0,244.97705242611127,21743683,504225684,4.312291834780872
mana-native-scenes-d3d12,candidate,1,ALL,qoi,gpu_scene_single,staged_rgba,66,126056421,350375100.0,359.7756261789151,21743683,504225684,4.312291834780872
mana-native-scenes-d3d12,candidate,1,ALL,rgba8,gpu_scene_batch,staged_rgba,66,126056421,142302600.0,885.8335757744412,504225684,504225684,100.0
mana-native-scenes-d3d12,candidate,1,ALL,rgba8,gpu_scene_single,staged_rgba,66,126056421,160416800.0,785.8056076420924,504225684,504225684,100.0
mana-native-scenes-d3d12,candidate,1,ALL,rgi,gpu_scene_batch,direct_tight_rgba,66,126056421,1743856800.0,72.28599332238748,12969669,504225684,2.5721952315304906
mana-native-scenes-d3d12,candidate,1,ALL,rgi,gpu_scene_batch,staged_premultiplied,66,126056421,422445600.0,298.3968136962487,12969669,504225684,2.5721952315304906
mana-native-scenes-d3d12,candidate,1,ALL,rgi,gpu_scene_batch,staged_reused_premultiplied,66,126056421,345970400.0,364.35608653225825,12969669,504225684,2.5721952315304906
mana-native-scenes-d3d12,candidate,1,ALL,rgi,gpu_scene_batch,staged_reused_rgba,66,126056421,177778600.0,709.0640887035897,12969669,504225684,2.5721952315304906
mana-native-scenes-d3d12,candidate,1,ALL,rgi,gpu_scene_batch,staged_rgba,66,126056421,287875500.0,437.88520037307796,12969669,504225684,2.5721952315304906
mana-native-scenes-d3d12,candidate,1,ALL,rgi,gpu_scene_single,direct_tight_rgba,66,126056421,1767177300.0,71.33207347106598,12969669,504225684,2.5721952315304906
mana-native-scenes-d3d12,candidate,1,ALL,rgi,gpu_scene_single,staged_premultiplied,66,126056421,433185700.0,290.99857405265226,12969669,504225684,2.5721952315304906
mana-native-scenes-d3d12,candidate,1,ALL,rgi,gpu_scene_single,staged_reused_premultiplied,66,126056421,365216000.0,345.1558009506703,12969669,504225684,2.5721952315304906
mana-native-scenes-d3d12,candidate,1,ALL,rgi,gpu_scene_single,staged_reused_rgba,66,126056421,191728600.0,657.4732251735005,12969669,504225684,2.5721952315304906
mana-native-scenes-d3d12,candidate,1,ALL,rgi,gpu_scene_single,staged_rgba,66,126056421,282201700.0,446.6890915256712,12969669,504225684,2.5721952315304906
mana-native-scenes-d3d12,candidate,2,ALL,png_libpng,gpu_scene_batch,staged_premultiplied,66,126056421,960280800.0,131.2703752902276,15376976,504225684,3.0496217245450747
mana-native-scenes-d3d12,candidate,2,ALL,png_libpng,gpu_scene_batch,staged_rgba,66,126056421,779404500.0,161.7342740515355,15376976,504225684,3.0496217245450747
mana-native-scenes-d3d12,candidate,2,ALL,png_libpng,gpu_scene_single,staged_premultiplied,66,126056421,959470600.0,131.38122314534704,15376976,504225684,3.0496217245450747
mana-native-scenes-d3d12,candidate,2,ALL,png_libpng,gpu_scene_single,staged_rgba,66,126056421,788044700.0,159.9610034811477,15376976,504225684,3.0496217245450747
mana-native-scenes-d3d12,candidate,2,ALL,png_stb,gpu_scene_batch,staged_premultiplied,66,126056421,869058600.0,145.04939137590952,21840212,504225684,4.331435841733124
mana-native-scenes-d3d12,candidate,2,ALL,png_stb,gpu_scene_batch,staged_rgba,66,126056421,702307600.0,179.48890343775292,21840212,504225684,4.331435841733124
mana-native-scenes-d3d12,candidate,2,ALL,png_stb,gpu_scene_single,staged_premultiplied,66,126056421,876174000.0,143.8714467674229,21840212,504225684,4.331435841733124
mana-native-scenes-d3d12,candidate,2,ALL,png_stb,gpu_scene_single,staged_rgba,66,126056421,713894200.0,176.57577411330698,21840212,504225684,4.331435841733124
mana-native-scenes-d3d12,candidate,2,ALL,qoi,gpu_scene_batch,staged_premultiplied,66,126056421,501985700.0,251.11556165842973,21743683,504225684,4.312291834780872
mana-native-scenes-d3d12,candidate,2,ALL,qoi,gpu_scene_batch,staged_rgba,66,126056421,338974400.0,371.87593222379036,21743683,504225684,4.312291834780872
mana-native-scenes-d3d12,candidate,2,ALL,qoi,gpu_scene_single,staged_premultiplied,66,126056421,506188000.0,249.03083636909608,21743683,504225684,4.312291834780872
mana-native-scenes-d3d12,candidate,2,ALL,qoi,gpu_scene_single,staged_rgba,66,126056421,346728500.0,363.5594449259291,21743683,504225684,4.312291834780872
mana-native-scenes-d3d12,candidate,2,ALL,rgba8,gpu_scene_batch,staged_rgba,66,126056421,134519500.0,937.0866008273894,504225684,504225684,100.0
mana-native-scenes-d3d12,candidate,2,ALL,rgba8,gpu_scene_single,staged_rgba,66,126056421,147198800.0,856.3685369717688,504225684,504225684,100.0
mana-native-scenes-d3d12,candidate,2,ALL,rgi,gpu_scene_batch,direct_tight_rgba,66,126056421,1729782200.0,72.87415779859452,12969669,504225684,2.5721952315304906
mana-native-scenes-d3d12,candidate,2,ALL,rgi,gpu_scene_batch,staged_premultiplied,66,126056421,416524800.0,302.638452740389,12969669,504225684,2.5721952315304906
mana-native-scenes-d3d12,candidate,2,ALL,rgi,gpu_scene_batch,staged_reused_premultiplied,66,126056421,346131400.0,364.1866094783657,12969669,504225684,2.5721952315304906
mana-native-scenes-d3d12,candidate,2,ALL,rgi,gpu_scene_batch,staged_reused_rgba,66,126056421,187813400.0,671.1790585762251,12969669,504225684,2.5721952315304906
mana-native-scenes-d3d12,candidate,2,ALL,rgi,gpu_scene_batch,staged_rgba,66,126056421,269853900.0,467.12840170180976,12969669,504225684,2.5721952315304906
mana-native-scenes-d3d12,candidate,2,ALL,rgi,gpu_scene_single,direct_tight_rgba,66,126056421,1730640900.0,72.83799949486921,12969669,504225684,2.5721952315304906
mana-native-scenes-d3d12,candidate,2,ALL,rgi,gpu_scene_single,staged_premultiplied,66,126056421,428611900.0,294.1038757906628,12969669,504225684,2.5721952315304906
mana-native-scenes-d3d12,candidate,2,ALL,rgi,gpu_scene_single,staged_reused_premultiplied,66,126056421,346735000.0,363.55262952975613,12969669,504225684,2.5721952315304906
mana-native-scenes-d3d12,candidate,2,ALL,rgi,gpu_scene_single,staged_reused_rgba,66,126056421,185853800.0,678.2558172068583,12969669,504225684,2.5721952315304906
mana-native-scenes-d3d12,candidate,2,ALL,rgi,gpu_scene_single,staged_rgba,66,126056421,281426200.0,447.9199911024631,12969669,504225684,2.5721952315304906
mana-native-scenes-vulkan,baseline,0,ALL,png_libpng,gpu_scene_batch,staged_premultiplied,66,126056421,959801300.0,131.33595568166035,15376976,504225684,3.0496217245450747
mana-native-scenes-vulkan,baseline,0,ALL,png_libpng,gpu_scene_batch,staged_rgba,66,126056421,801980100.0,157.1814824332923,15376976,504225684,3.0496217245450747
mana-native-scenes-vulkan,baseline,0,ALL,png_libpng,gpu_scene_single,staged_premultiplied,66,126056421,958456900.0,131.52017685928288,15376976,504225684,3.0496217245450747
mana-native-scenes-vulkan,baseline,0,ALL,png_libpng,gpu_scene_single,staged_rgba,66,126056421,805771400.0,156.4419151635315,15376976,504225684,3.0496217245450747
mana-native-scenes-vulkan,baseline,0,ALL,png_stb,gpu_scene_batch,staged_premultiplied,66,126056421,866859400.0,145.41737795079572,21840212,504225684,4.331435841733124
mana-native-scenes-vulkan,baseline,0,ALL,png_stb,gpu_scene_batch,staged_rgba,66,126056421,717118000.0,175.78197869806644,21840212,504225684,4.331435841733124
mana-native-scenes-vulkan,baseline,0,ALL,png_stb,gpu_scene_single,staged_premultiplied,66,126056421,865193800.0,145.69732353606787,21840212,504225684,4.331435841733124
mana-native-scenes-vulkan,baseline,0,ALL,png_stb,gpu_scene_single,staged_rgba,66,126056421,705048800.0,178.79105815086842,21840212,504225684,4.331435841733124
mana-native-scenes-vulkan,baseline,0,ALL,qoi,gpu_scene_batch,staged_premultiplied,66,126056421,493174100.0,255.60227311207137,21743683,504225684,4.312291834780872
mana-native-scenes-vulkan,baseline,0,ALL,qoi,gpu_scene_batch,staged_rgba,66,126056421,353863200.0,356.2292462171822,21743683,504225684,4.312291834780872
mana-native-scenes-vulkan,baseline,0,ALL,qoi,gpu_scene_single,staged_premultiplied,66,126056421,494194400.0,255.07456377490317,21743683,504225684,4.312291834780872
mana-native-scenes-vulkan,baseline,0,ALL,qoi,gpu_scene_single,staged_rgba,66,126056421,355349900.0,354.7388672404298,21743683,504225684,4.312291834780872
mana-native-scenes-vulkan,baseline,0,ALL,rgba8,gpu_scene_batch,staged_rgba,66,126056421,144677100.0,871.2949112195365,504225684,504225684,100.0
mana-native-scenes-vulkan,baseline,0,ALL,rgba8,gpu_scene_single,staged_rgba,66,126056421,156272800.0,806.6433889966776,504225684,504225684,100.0
mana-native-scenes-vulkan,baseline,0,ALL,rgi,gpu_scene_batch,direct_tight_rgba,66,126056421,165411300.0,762.0786548440161,16177262,504225684,3.2083375586238483
mana-native-scenes-vulkan,baseline,0,ALL,rgi,gpu_scene_batch,staged_premultiplied,66,126056421,417969400.0,301.5924634674213,16177262,504225684,3.2083375586238483
mana-native-scenes-vulkan,baseline,0,ALL,rgi,gpu_scene_batch,staged_reused_premultiplied,66,126056421,340749900.0,369.9382479642694,16177262,504225684,3.2083375586238483
mana-native-scenes-vulkan,baseline,0,ALL,rgi,gpu_scene_batch,staged_reused_rgba,66,126056421,191888500.0,656.925355089023,16177262,504225684,3.2083375586238483
mana-native-scenes-vulkan,baseline,0,ALL,rgi,gpu_scene_batch,staged_rgba,66,126056421,276670500.0,455.6193052746859,16177262,504225684,3.2083375586238483
mana-native-scenes-vulkan,baseline,0,ALL,rgi,gpu_scene_single,direct_tight_rgba,66,126056421,169635600.0,743.1012181405318,16177262,504225684,3.2083375586238483
mana-native-scenes-vulkan,baseline,0,ALL,rgi,gpu_scene_single,staged_premultiplied,66,126056421,418218700.0,301.4126843204285,16177262,504225684,3.2083375586238483
mana-native-scenes-vulkan,baseline,0,ALL,rgi,gpu_scene_single,staged_reused_premultiplied,66,126056421,356627400.0,353.4681322859657,16177262,504225684,3.2083375586238483
mana-native-scenes-vulkan,baseline,0,ALL,rgi,gpu_scene_single,staged_reused_rgba,66,126056421,216989900.0,580.9322046786509,16177262,504225684,3.2083375586238483
mana-native-scenes-vulkan,baseline,0,ALL,rgi,gpu_scene_single,staged_rgba,66,126056421,287556000.0,438.37172933272126,16177262,504225684,3.2083375586238483
mana-native-scenes-vulkan,baseline,1,ALL,png_libpng,gpu_scene_batch,staged_premultiplied,66,126056421,1004427100.0,125.5008163359989,15376976,504225684,3.0496217245450747
mana-native-scenes-vulkan,baseline,1,ALL,png_libpng,gpu_scene_batch,staged_rgba,66,126056421,834101700.0,151.12835880804462,15376976,504225684,3.0496217245450747
mana-native-scenes-vulkan,baseline,1,ALL,png_libpng,gpu_scene_single,staged_premultiplied,66,126056421,1028590100.0,122.55262907935824,15376976,504225684,3.0496217245450747
mana-native-scenes-vulkan,baseline,1,ALL,png_libpng,gpu_scene_single,staged_rgba,66,126056421,853797900.0,147.64198998381232,15376976,504225684,3.0496217245450747
mana-native-scenes-vulkan,baseline,1,ALL,png_stb,gpu_scene_batch,staged_premultiplied,66,126056421,862487000.0,146.15457508345054,21840212,504225684,4.331435841733124
mana-native-scenes-vulkan,baseline,1,ALL,png_stb,gpu_scene_batch,staged_rgba,66,126056421,723161000.0,174.31307965999272,21840212,504225684,4.331435841733124
mana-native-scenes-vulkan,baseline,1,ALL,png_stb,gpu_scene_single,staged_premultiplied,66,126056421,907083000.0,138.96900393900006,21840212,504225684,4.331435841733124
mana-native-scenes-vulkan,baseline,1,ALL,png_stb,gpu_scene_single,staged_rgba,66,126056421,749951200.0,168.08616480645674,21840212,504225684,4.331435841733124
mana-native-scenes-vulkan,baseline,1,ALL,qoi,gpu_scene_batch,staged_premultiplied,66,126056421,528204100.0,238.6509703351413,21743683,504225684,4.312291834780872
mana-native-scenes-vulkan,baseline,1,ALL,qoi,gpu_scene_batch,staged_rgba,66,126056421,372713300.0,338.2128327591208,21743683,504225684,4.312291834780872
mana-native-scenes-vulkan,baseline,1,ALL,qoi,gpu_scene_single,staged_premultiplied,66,126056421,529241500.0,238.1831753556741,21743683,504225684,4.312291834780872
mana-native-scenes-vulkan,baseline,1,ALL,qoi,gpu_scene_single,staged_rgba,66,126056421,375239900.0,335.93554683283946,21743683,504225684,4.312291834780872
mana-native-scenes-vulkan,baseline,1,ALL,rgba8,gpu_scene_batch,staged_rgba,66,126056421,148992000.0,846.0616744523196,504225684,504225684,100.0
mana-native-scenes-vulkan,baseline,1,ALL,rgba8,gpu_scene_single,staged_rgba,66,126056421,167082800.0,754.4548032472522,504225684,504225684,100.0
mana-native-scenes-vulkan,baseline,1,ALL,rgi,gpu_scene_batch,direct_tight_rgba,66,126056421,172499000.0,730.7660971947663,16177262,504225684,3.2083375586238483
mana-native-scenes-vulkan,baseline,1,ALL,rgi,gpu_scene_batch,staged_premultiplied,66,126056421,441204600.0,285.7096707513929,16177262,504225684,3.2083375586238483
mana-native-scenes-vulkan,baseline,1,ALL,rgi,gpu_scene_batch,staged_reused_premultiplied,66,126056421,347000500.0,363.2744650223847,16177262,504225684,3.2083375586238483
mana-native-scenes-vulkan,baseline,1,ALL,rgi,gpu_scene_batch,staged_reused_rgba,66,126056421,187929900.0,670.7629866242679,16177262,504225684,3.2083375586238483
mana-native-scenes-vulkan,baseline,1,ALL,rgi,gpu_scene_batch,staged_rgba,66,126056421,275071400.0,458.2680024168271,16177262,504225684,3.2083375586238483
mana-native-scenes-vulkan,baseline,1,ALL,rgi,gpu_scene_single,direct_tight_rgba,66,126056421,176608900.0,713.7602974708523,16177262,504225684,3.2083375586238483
mana-native-scenes-vulkan,baseline,1,ALL,rgi,gpu_scene_single,staged_premultiplied,66,126056421,453417000.0,278.01432456215804,16177262,504225684,3.2083375586238483
mana-native-scenes-vulkan,baseline,1,ALL,rgi,gpu_scene_single,staged_reused_premultiplied,66,126056421,388686100.0,324.31419852678033,16177262,504225684,3.2083375586238483
mana-native-scenes-vulkan,baseline,1,ALL,rgi,gpu_scene_single,staged_reused_rgba,66,126056421,207046700.0,608.8308627956882,16177262,504225684,3.2083375586238483
mana-native-scenes-vulkan,baseline,1,ALL,rgi,gpu_scene_single,staged_rgba,66,126056421,282636400.0,446.00207545807973,16177262,504225684,3.2083375586238483
mana-native-scenes-vulkan,baseline,2,ALL,png_libpng,gpu_scene_batch,staged_premultiplied,66,126056421,947471900.0,133.0450232877619,15376976,504225684,3.0496217245450747
mana-native-scenes-vulkan,baseline,2,ALL,png_libpng,gpu_scene_batch,staged_rgba,66,126056421,804293000.0,156.7294766956818,15376976,504225684,3.0496217245450747
mana-native-scenes-vulkan,baseline,2,ALL,png_libpng,gpu_scene_single,staged_premultiplied,66,126056421,953206600.0,132.24459524304595,15376976,504225684,3.0496217245450747
mana-native-scenes-vulkan,baseline,2,ALL,png_libpng,gpu_scene_single,staged_rgba,66,126056421,789190500.0,159.7287613066807,15376976,504225684,3.0496217245450747
mana-native-scenes-vulkan,baseline,2,ALL,png_stb,gpu_scene_batch,staged_premultiplied,66,126056421,852487500.0,147.86893766770774,21840212,504225684,4.331435841733124
mana-native-scenes-vulkan,baseline,2,ALL,png_stb,gpu_scene_batch,staged_rgba,66,126056421,691437200.0,182.31073046113227,21840212,504225684,4.331435841733124
mana-native-scenes-vulkan,baseline,2,ALL,png_stb,gpu_scene_single,staged_premultiplied,66,126056421,838005800.0,150.42428226630412,21840212,504225684,4.331435841733124
mana-native-scenes-vulkan,baseline,2,ALL,png_stb,gpu_scene_single,staged_rgba,66,126056421,700113700.0,180.05135594404166,21840212,504225684,4.331435841733124
mana-native-scenes-vulkan,baseline,2,ALL,qoi,gpu_scene_batch,staged_premultiplied,66,126056421,497633500.0,253.31176659127652,21743683,504225684,4.312291834780872
mana-native-scenes-vulkan,baseline,2,ALL,qoi,gpu_scene_batch,staged_rgba,66,126056421,345753200.0,364.58497274934837,21743683,504225684,4.312291834780872
mana-native-scenes-vulkan,baseline,2,ALL,qoi,gpu_scene_single,staged_premultiplied,66,126056421,495912300.0,254.19095473131034,21743683,504225684,4.312291834780872
mana-native-scenes-vulkan,baseline,2,ALL,qoi,gpu_scene_single,staged_rgba,66,126056421,355031900.0,355.0566047726979,21743683,504225684,4.312291834780872
mana-native-scenes-vulkan,baseline,2,ALL,rgba8,gpu_scene_batch,staged_rgba,66,126056421,149339400.0,844.0935278968577,504225684,504225684,100.0
mana-native-scenes-vulkan,baseline,2,ALL,rgba8,gpu_scene_single,staged_rgba,66,126056421,138115600.0,912.6877847252591,504225684,504225684,100.0
mana-native-scenes-vulkan,baseline,2,ALL,rgi,gpu_scene_batch,direct_tight_rgba,66,126056421,163713600.0,769.9813637962882,16177262,504225684,3.2083375586238483
mana-native-scenes-vulkan,baseline,2,ALL,rgi,gpu_scene_batch,staged_premultiplied,66,126056421,416493600.0,302.66112372435015,16177262,504225684,3.2083375586238483
mana-native-scenes-vulkan,baseline,2,ALL,rgi,gpu_scene_batch,staged_reused_premultiplied,66,126056421,339745700.0,371.0316892899601,16177262,504225684,3.2083375586238483
mana-native-scenes-vulkan,baseline,2,ALL,rgi,gpu_scene_batch,staged_reused_rgba,66,126056421,195045500.0,646.2923830593375,16177262,504225684,3.2083375586238483
mana-native-scenes-vulkan,baseline,2,ALL,rgi,gpu_scene_batch,staged_rgba,66,126056421,281993700.0,447.01857169149525,16177262,504225684,3.2083375586238483
mana-native-scenes-vulkan,baseline,2,ALL,rgi,gpu_scene_single,direct_tight_rgba,66,126056421,169519700.0,743.6092737304278,16177262,504225684,3.2083375586238483
mana-native-scenes-vulkan,baseline,2,ALL,rgi,gpu_scene_single,staged_premultiplied,66,126056421,413064900.0,305.17340253311284,16177262,504225684,3.2083375586238483
mana-native-scenes-vulkan,baseline,2,ALL,rgi,gpu_scene_single,staged_reused_premultiplied,66,126056421,345296500.0,365.067184289444,16177262,504225684,3.2083375586238483
mana-native-scenes-vulkan,baseline,2,ALL,rgi,gpu_scene_single,staged_reused_rgba,66,126056421,196656700.0,640.9973369836878,16177262,504225684,3.2083375586238483
mana-native-scenes-vulkan,baseline,2,ALL,rgi,gpu_scene_single,staged_rgba,66,126056421,270619500.0,465.8068653589265,16177262,504225684,3.2083375586238483
mana-native-scenes-vulkan,candidate,0,ALL,png_libpng,gpu_scene_batch,staged_premultiplied,66,126056421,962159900.0,131.01400401326225,15376976,504225684,3.0496217245450747
mana-native-scenes-vulkan,candidate,0,ALL,png_libpng,gpu_scene_batch,staged_rgba,66,126056421,789896900.0,159.58591684560352,15376976,504225684,3.0496217245450747
mana-native-scenes-vulkan,candidate,0,ALL,png_libpng,gpu_scene_single,staged_premultiplied,66,126056421,948296100.0,132.9293888269708,15376976,504225684,3.0496217245450747
mana-native-scenes-vulkan,candidate,0,ALL,png_libpng,gpu_scene_single,staged_rgba,66,126056421,803344200.0,156.91458405998324,15376976,504225684,3.0496217245450747
mana-native-scenes-vulkan,candidate,0,ALL,png_stb,gpu_scene_batch,staged_premultiplied,66,126056421,873507500.0,144.3106338526,21840212,504225684,4.331435841733124
mana-native-scenes-vulkan,candidate,0,ALL,png_stb,gpu_scene_batch,staged_rgba,66,126056421,720728500.0,174.90139629555372,21840212,504225684,4.331435841733124
mana-native-scenes-vulkan,candidate,0,ALL,png_stb,gpu_scene_single,staged_premultiplied,66,126056421,922503800.0,136.6459639515848,21840212,504225684,4.331435841733124
mana-native-scenes-vulkan,candidate,0,ALL,png_stb,gpu_scene_single,staged_rgba,66,126056421,749596800.0,168.16563384475495,21840212,504225684,4.331435841733124
mana-native-scenes-vulkan,candidate,0,ALL,qoi,gpu_scene_batch,staged_premultiplied,66,126056421,496845400.0,253.71357166635738,21743683,504225684,4.312291834780872
mana-native-scenes-vulkan,candidate,0,ALL,qoi,gpu_scene_batch,staged_rgba,66,126056421,351156700.0,358.97484228550957,21743683,504225684,4.312291834780872
mana-native-scenes-vulkan,candidate,0,ALL,qoi,gpu_scene_single,staged_premultiplied,66,126056421,506664200.0,248.79677901063465,21743683,504225684,4.312291834780872
mana-native-scenes-vulkan,candidate,0,ALL,qoi,gpu_scene_single,staged_rgba,66,126056421,351954900.0,358.16072172883514,21743683,504225684,4.312291834780872
mana-native-scenes-vulkan,candidate,0,ALL,rgba8,gpu_scene_batch,staged_rgba,66,126056421,132910500.0,948.4308688929768,504225684,504225684,100.0
mana-native-scenes-vulkan,candidate,0,ALL,rgba8,gpu_scene_single,staged_rgba,66,126056421,137715800.0,915.3373904809761,504225684,504225684,100.0
mana-native-scenes-vulkan,candidate,0,ALL,rgi,gpu_scene_batch,direct_tight_rgba,66,126056421,155515800.0,810.5698649269077,12969669,504225684,2.5721952315304906
mana-native-scenes-vulkan,candidate,0,ALL,rgi,gpu_scene_batch,staged_premultiplied,66,126056421,431173900.0,292.35633464827066,12969669,504225684,2.5721952315304906
mana-native-scenes-vulkan,candidate,0,ALL,rgi,gpu_scene_batch,staged_reused_premultiplied,66,126056421,345893000.0,364.43761799169107,12969669,504225684,2.5721952315304906
mana-native-scenes-vulkan,candidate,0,ALL,rgi,gpu_scene_batch,staged_reused_rgba,66,126056421,182647900.0,690.1608011918013,12969669,504225684,2.5721952315304906
mana-native-scenes-vulkan,candidate,0,ALL,rgi,gpu_scene_batch,staged_rgba,66,126056421,274065000.0,459.9508182365497,12969669,504225684,2.5721952315304906
mana-native-scenes-vulkan,candidate,0,ALL,rgi,gpu_scene_single,direct_tight_rgba,66,126056421,158193000.0,796.8520794219719,12969669,504225684,2.5721952315304906
mana-native-scenes-vulkan,candidate,0,ALL,rgi,gpu_scene_single,staged_premultiplied,66,126056421,422872800.0,298.09536342843523,12969669,504225684,2.5721952315304906
mana-native-scenes-vulkan,candidate,0,ALL,rgi,gpu_scene_single,staged_reused_premultiplied,66,126056421,352736400.0,357.3672039517328,12969669,504225684,2.5721952315304906
mana-native-scenes-vulkan,candidate,0,ALL,rgi,gpu_scene_single,staged_reused_rgba,66,126056421,197642600.0,637.7998518538008,12969669,504225684,2.5721952315304906
mana-native-scenes-vulkan,candidate,0,ALL,rgi,gpu_scene_single,staged_rgba,66,126056421,282609300.0,446.04484353487305,12969669,504225684,2.5721952315304906
mana-native-scenes-vulkan,candidate,1,ALL,png_libpng,gpu_scene_batch,staged_premultiplied,66,126056421,926183500.0,136.10307352700625,15376976,504225684,3.0496217245450747
mana-native-scenes-vulkan,candidate,1,ALL,png_libpng,gpu_scene_batch,staged_rgba,66,126056421,762469400.0,165.32653113685612,15376976,504225684,3.0496217245450747
mana-native-scenes-vulkan,candidate,1,ALL,png_libpng,gpu_scene_single,staged_premultiplied,66,126056421,932713800.0,135.15016181812683,15376976,504225684,3.0496217245450747
mana-native-scenes-vulkan,candidate,1,ALL,png_libpng,gpu_scene_single,staged_rgba,66,126056421,775733500.0,162.49964839729108,15376976,504225684,3.0496217245450747
mana-native-scenes-vulkan,candidate,1,ALL,png_stb,gpu_scene_batch,staged_premultiplied,66,126056421,842961400.0,149.53996825951936,21840212,504225684,4.331435841733124
mana-native-scenes-vulkan,candidate,1,ALL,png_stb,gpu_scene_batch,staged_rgba,66,126056421,700664200.0,179.90989264186754,21840212,504225684,4.331435841733124
mana-native-scenes-vulkan,candidate,1,ALL,png_stb,gpu_scene_single,staged_premultiplied,66,126056421,857176200.0,147.06010386195976,21840212,504225684,4.331435841733124
mana-native-scenes-vulkan,candidate,1,ALL,png_stb,gpu_scene_single,staged_rgba,66,126056421,701518600.0,179.6907751269888,21840212,504225684,4.331435841733124
mana-native-scenes-vulkan,candidate,1,ALL,qoi,gpu_scene_batch,staged_premultiplied,66,126056421,473376700.0,266.29198479773083,21743683,504225684,4.312291834780872
mana-native-scenes-vulkan,candidate,1,ALL,qoi,gpu_scene_batch,staged_rgba,66,126056421,324893400.0,387.9931725298205,21743683,504225684,4.312291834780872
mana-native-scenes-vulkan,candidate,1,ALL,qoi,gpu_scene_single,staged_premultiplied,66,126056421,475129800.0,265.30943965206984,21743683,504225684,4.312291834780872
mana-native-scenes-vulkan,candidate,1,ALL,qoi,gpu_scene_single,staged_rgba,66,126056421,334797900.0,376.5149691799142,21743683,504225684,4.312291834780872
mana-native-scenes-vulkan,candidate,1,ALL,rgba8,gpu_scene_batch,staged_rgba,66,126056421,137273100.0,918.2893152409322,504225684,504225684,100.0
mana-native-scenes-vulkan,candidate,1,ALL,rgba8,gpu_scene_single,staged_rgba,66,126056421,144398100.0,872.9783909899091,504225684,504225684,100.0
mana-native-scenes-vulkan,candidate,1,ALL,rgi,gpu_scene_batch,direct_tight_rgba,66,126056421,161752900.0,779.314751080197,12969669,504225684,2.5721952315304906
mana-native-scenes-vulkan,candidate,1,ALL,rgi,gpu_scene_batch,staged_premultiplied,66,126056421,386938200.0,325.77920970325493,12969669,504225684,2.5721952315304906
mana-native-scenes-vulkan,candidate,1,ALL,rgi,gpu_scene_batch,staged_reused_premultiplied,66,126056421,337738500.0,373.23675269476234,12969669,504225684,2.5721952315304906
mana-native-scenes-vulkan,candidate,1,ALL,rgi,gpu_scene_batch,staged_reused_rgba,66,126056421,184849600.0,681.9404586214955,12969669,504225684,2.5721952315304906
mana-native-scenes-vulkan,candidate,1,ALL,rgi,gpu_scene_batch,staged_rgba,66,126056421,248089300.0,508.1090599231809,12969669,504225684,2.5721952315304906
mana-native-scenes-vulkan,candidate,1,ALL,rgi,gpu_scene_single,direct_tight_rgba,66,126056421,151807400.0,830.370726328229,12969669,504225684,2.5721952315304906
mana-native-scenes-vulkan,candidate,1,ALL,rgi,gpu_scene_single,staged_premultiplied,66,126056421,403036900.0,312.7664514092878,12969669,504225684,2.5721952315304906
mana-native-scenes-vulkan,candidate,1,ALL,rgi,gpu_scene_single,staged_reused_premultiplied,66,126056421,332093000.0,379.58168645530014,12969669,504225684,2.5721952315304906
mana-native-scenes-vulkan,candidate,1,ALL,rgi,gpu_scene_single,staged_reused_rgba,66,126056421,181902100.0,692.9904657505328,12969669,504225684,2.5721952315304906
mana-native-scenes-vulkan,candidate,1,ALL,rgi,gpu_scene_single,staged_rgba,66,126056421,261090400.0,482.8075678002715,12969669,504225684,2.5721952315304906
mana-native-scenes-vulkan,candidate,2,ALL,png_libpng,gpu_scene_batch,staged_premultiplied,66,126056421,1260812000.0,99.9803467923846,15376976,504225684,3.0496217245450747
mana-native-scenes-vulkan,candidate,2,ALL,png_libpng,gpu_scene_batch,staged_rgba,66,126056421,997767600.0,126.33845897581762,15376976,504225684,3.0496217245450747
mana-native-scenes-vulkan,candidate,2,ALL,png_libpng,gpu_scene_single,staged_premultiplied,66,126056421,1359128600.0,92.74797175190045,15376976,504225684,3.0496217245450747
mana-native-scenes-vulkan,candidate,2,ALL,png_libpng,gpu_scene_single,staged_rgba,66,126056421,1052734000.0,119.74194905835662,15376976,504225684,3.0496217245450747
mana-native-scenes-vulkan,candidate,2,ALL,png_stb,gpu_scene_batch,staged_premultiplied,66,126056421,1036127000.0,121.66116798423359,21840212,504225684,4.331435841733124
mana-native-scenes-vulkan,candidate,2,ALL,png_stb,gpu_scene_batch,staged_rgba,66,126056421,848530400.0,148.558520708274,21840212,504225684,4.331435841733124
mana-native-scenes-vulkan,candidate,2,ALL,png_stb,gpu_scene_single,staged_premultiplied,66,126056421,1154642000.0,109.17359753066319,21840212,504225684,4.331435841733124
mana-native-scenes-vulkan,candidate,2,ALL,png_stb,gpu_scene_single,staged_rgba,66,126056421,923190800.0,136.5442777376031,21840212,504225684,4.331435841733124
mana-native-scenes-vulkan,candidate,2,ALL,qoi,gpu_scene_batch,staged_premultiplied,66,126056421,584977300.0,215.4894232648002,21743683,504225684,4.312291834780872
mana-native-scenes-vulkan,candidate,2,ALL,qoi,gpu_scene_batch,staged_rgba,66,126056421,390878300.0,322.4953163171248,21743683,504225684,4.312291834780872
mana-native-scenes-vulkan,candidate,2,ALL,qoi,gpu_scene_single,staged_premultiplied,66,126056421,657908000.0,191.60189722575194,21743683,504225684,4.312291834780872
mana-native-scenes-vulkan,candidate,2,ALL,qoi,gpu_scene_single,staged_rgba,66,126056421,447379300.0,281.76632445890993,21743683,504225684,4.312291834780872
mana-native-scenes-vulkan,candidate,2,ALL,rgba8,gpu_scene_batch,staged_rgba,66,126056421,195062800.0,646.2350637845863,504225684,504225684,100.0
mana-native-scenes-vulkan,candidate,2,ALL,rgba8,gpu_scene_single,staged_rgba,66,126056421,179825100.0,700.9945830698829,504225684,504225684,100.0
mana-native-scenes-vulkan,candidate,2,ALL,rgi,gpu_scene_batch,direct_tight_rgba,66,126056421,212044800.0,594.4801334434987,12969669,504225684,2.5721952315304906
mana-native-scenes-vulkan,candidate,2,ALL,rgi,gpu_scene_batch,staged_premultiplied,66,126056421,508312100.0,247.99020326291662,12969669,504225684,2.5721952315304906
mana-native-scenes-vulkan,candidate,2,ALL,rgi,gpu_scene_batch,staged_reused_premultiplied,66,126056421,421406900.0,299.13231368541904,12969669,504225684,2.5721952315304906
mana-native-scenes-vulkan,candidate,2,ALL,rgi,gpu_scene_batch,staged_reused_rgba,66,126056421,234320800.0,537.965135830878,12969669,504225684,2.5721952315304906
mana-native-scenes-vulkan,candidate,2,ALL,rgi,gpu_scene_batch,staged_rgba,66,126056421,297239200.0,424.0908366056698,12969669,504225684,2.5721952315304906
mana-native-scenes-vulkan,candidate,2,ALL,rgi,gpu_scene_single,direct_tight_rgba,66,126056421,213263400.0,591.0832379114279,12969669,504225684,2.5721952315304906
mana-native-scenes-vulkan,candidate,2,ALL,rgi,gpu_scene_single,staged_premultiplied,66,126056421,555644200.0,226.8653591632919,12969669,504225684,2.5721952315304906
mana-native-scenes-vulkan,candidate,2,ALL,rgi,gpu_scene_single,staged_reused_premultiplied,66,126056421,433206000.0,290.9849378817468,12969669,504225684,2.5721952315304906
mana-native-scenes-vulkan,candidate,2,ALL,rgi,gpu_scene_single,staged_reused_rgba,66,126056421,248133000.0,508.0195741799761,12969669,504225684,2.5721952315304906
mana-native-scenes-vulkan,candidate,2,ALL,rgi,gpu_scene_single,staged_rgba,66,126056421,329866900.0,382.143285670675,12969669,504225684,2.5721952315304906
